time_max;id_arguments;error_rate;corrected_patterns;decoder_type;id_nmc_batch;time_av;arguments;Pl;codeConfig;id_automorphism
0.012861967086791992;BP_0;0.003;[19, 36, 37, 45, 47, 58, 63, 68, 70, 82, 85, 88, 93, 107, 116, 118, 135, 146, 150, 159, 161, 166, 170, 184, 203, 212, 214, 220, 221, 223, 240, 241, 248, 262, 275, 301, 311, 339, 344, 352, 355, 357, 381, 382, 403, 406, 408, 413, 420, 426, 433, 438, 444, 445, 451, 461, 490, 493];BP;nmc_144_0c003_1;0.004681818962097166;"{""id_arguments"": ""BP_0"", ""arguments"": {""max_iter"": 100, ""bp_method"": ""minimum_sum"", ""ms_scaling_factor"": 0.9}, ""decoder_type"": ""BP"", ""id_batch_arguments"": 0, ""id_automorphism"": 0}";0.11600000000000009;144;0
0.013141870498657227;BP_1;0.003;[19, 36, 37, 45, 47, 48, 58, 63, 68, 70, 82, 85, 88, 93, 107, 116, 118, 135, 146, 150, 159, 161, 166, 170, 184, 203, 212, 214, 220, 221, 223, 240, 241, 248, 262, 275, 301, 311, 339, 344, 352, 355, 357, 381, 382, 403, 406, 408, 413, 420, 426, 433, 438, 444, 445, 451, 461, 490, 493];BP;nmc_144_0c003_1;0.004760262012481686;"{""id_arguments"": ""BP_1"", ""arguments"": {""max_iter"": 100, ""bp_method"": ""minimum_sum"", ""ms_scaling_factor"": 0.9}, ""decoder_type"": ""BP"", ""id_batch_arguments"": 1, ""id_automorphism"": 1}";0.11800000000000009;144;1
0.01311492919921875;BP_10;0.003;[19, 36, 37, 45, 47, 48, 58, 63, 68, 70, 82, 85, 88, 93, 107, 116, 118, 135, 146, 159, 161, 166, 170, 184, 203, 212, 214, 220, 221, 223, 241, 248, 262, 275, 301, 311, 339, 344, 352, 355, 357, 381, 382, 403, 406, 408, 413, 420, 426, 433, 438, 444, 445, 451, 461, 490, 493];BP;nmc_144_0c003_1;0.004774862289428711;"{""id_arguments"": ""BP_10"", ""arguments"": {""max_iter"": 100, ""bp_method"": ""minimum_sum"", ""ms_scaling_factor"": 0.9}, ""decoder_type"": ""BP"", ""id_batch_arguments"": 10, ""id_automorphism"": 10}";0.11400000000000009;144;10
0.013087034225463867;BP_11;0.003;[19, 36, 37, 45, 47, 58, 63, 68, 70, 82, 85, 88, 93, 107, 116, 118, 135, 146, 159, 161, 166, 170, 184, 203, 212, 214, 220, 221, 223, 241, 248, 262, 275, 301, 311, 339, 344, 352, 355, 357, 381, 382, 403, 406, 408, 413, 420, 426, 433, 438, 444, 445, 451, 461, 490, 493];BP;nmc_144_0c003_1;0.004745671749114983;"{""id_arguments"": ""BP_11"", ""arguments"": {""max_iter"": 100, ""bp_method"": ""minimum_sum"", ""ms_scaling_factor"": 0.9}, ""decoder_type"": ""BP"", ""id_batch_arguments"": 11, ""id_automorphism"": 11}";0.11200000000000009;144;11
0.013078689575195312;BP_12;0.003;[19, 36, 37, 45, 47, 48, 58, 63, 68, 70, 82, 85, 88, 93, 107, 116, 118, 135, 146, 159, 161, 166, 170, 184, 203, 212, 214, 220, 221, 223, 240, 241, 248, 262, 275, 301, 311, 339, 344, 352, 355, 357, 381, 382, 403, 406, 408, 413, 420, 426, 433, 438, 444, 445, 451, 461, 490, 493];BP;nmc_144_0c003_1;0.0047369780540466285;"{""id_arguments"": ""BP_12"", ""arguments"": {""max_iter"": 100, ""bp_method"": ""minimum_sum"", ""ms_scaling_factor"": 0.9}, ""decoder_type"": ""BP"", ""id_batch_arguments"": 12, ""id_automorphism"": 12}";0.11600000000000009;144;12
0.013080120086669922;BP_13;0.003;[19, 36, 37, 45, 47, 58, 63, 68, 70, 82, 85, 88, 93, 107, 116, 118, 135, 146, 150, 159, 161, 166, 170, 184, 203, 212, 214, 220, 221, 223, 240, 241, 248, 262, 275, 301, 311, 339, 344, 352, 355, 357, 381, 382, 403, 406, 408, 413, 420, 426, 433, 438, 444, 445, 451, 461, 490, 493];BP;nmc_144_0c003_1;0.004777269363403325;"{""id_arguments"": ""BP_13"", ""arguments"": {""max_iter"": 100, ""bp_method"": ""minimum_sum"", ""ms_scaling_factor"": 0.9}, ""decoder_type"": ""BP"", ""id_batch_arguments"": 13, ""id_automorphism"": 13}";0.11600000000000009;144;13
0.01311802864074707;BP_14;0.003;[19, 36, 37, 45, 47, 58, 63, 68, 70, 82, 85, 88, 93, 107, 116, 118, 135, 146, 159, 161, 166, 170, 184, 203, 212, 214, 220, 221, 223, 240, 241, 248, 262, 275, 301, 311, 339, 344, 352, 355, 357, 381, 382, 403, 406, 408, 413, 420, 426, 433, 438, 444, 445, 451, 461, 490, 493];BP;nmc_144_0c003_1;0.004787694931030273;"{""id_arguments"": ""BP_14"", ""arguments"": {""max_iter"": 100, ""bp_method"": ""minimum_sum"", ""ms_scaling_factor"": 0.9}, ""decoder_type"": ""BP"", ""id_batch_arguments"": 14, ""id_automorphism"": 14}";0.11400000000000009;144;14
0.012938976287841797;BP_15;0.003;[19, 36, 37, 45, 47, 58, 63, 68, 70, 82, 85, 88, 93, 107, 116, 118, 135, 146, 150, 159, 161, 166, 170, 184, 203, 212, 214, 220, 221, 223, 240, 241, 248, 262, 275, 301, 311, 339, 344, 352, 355, 357, 381, 382, 403, 406, 408, 413, 420, 426, 433, 438, 444, 445, 451, 461, 490, 493];BP;nmc_144_0c003_1;0.004711215496063235;"{""id_arguments"": ""BP_15"", ""arguments"": {""max_iter"": 100, ""bp_method"": ""minimum_sum"", ""ms_scaling_factor"": 0.9}, ""decoder_type"": ""BP"", ""id_batch_arguments"": 15, ""id_automorphism"": 15}";0.11600000000000009;144;15
0.013067007064819336;BP_16;0.003;[19, 36, 37, 45, 47, 58, 63, 68, 70, 82, 85, 88, 93, 107, 116, 118, 135, 146, 150, 159, 161, 166, 170, 184, 203, 212, 214, 220, 221, 223, 240, 241, 248, 262, 275, 301, 311, 339, 344, 352, 355, 357, 381, 382, 403, 406, 408, 413, 420, 426, 433, 438, 444, 445, 451, 461, 490, 493];BP;nmc_144_0c003_1;0.0047482028007507365;"{""id_arguments"": ""BP_16"", ""arguments"": {""max_iter"": 100, ""bp_method"": ""minimum_sum"", ""ms_scaling_factor"": 0.9}, ""decoder_type"": ""BP"", ""id_batch_arguments"": 16, ""id_automorphism"": 16}";0.11600000000000009;144;16
0.01306009292602539;BP_17;0.003;[19, 36, 37, 45, 47, 58, 63, 68, 70, 82, 85, 88, 93, 107, 116, 118, 135, 146, 159, 161, 166, 170, 184, 203, 212, 214, 220, 221, 223, 240, 241, 248, 262, 275, 301, 311, 339, 344, 352, 355, 357, 381, 382, 403, 406, 408, 413, 420, 426, 433, 438, 444, 445, 451, 461, 490, 493];BP;nmc_144_0c003_1;0.004762609958648683;"{""id_arguments"": ""BP_17"", ""arguments"": {""max_iter"": 100, ""bp_method"": ""minimum_sum"", ""ms_scaling_factor"": 0.9}, ""decoder_type"": ""BP"", ""id_batch_arguments"": 17, ""id_automorphism"": 17}";0.11400000000000009;144;17
0.012978315353393555;BP_18;0.003;[19, 36, 37, 45, 47, 58, 63, 68, 70, 82, 85, 88, 93, 107, 116, 118, 135, 146, 150, 159, 161, 166, 170, 184, 203, 212, 214, 220, 221, 223, 240, 241, 248, 262, 275, 301, 311, 339, 344, 352, 355, 357, 381, 382, 403, 406, 408, 413, 420, 426, 433, 438, 444, 445, 451, 461, 490, 493];BP;nmc_144_0c003_1;0.004739402294158936;"{""id_arguments"": ""BP_18"", ""arguments"": {""max_iter"": 100, ""bp_method"": ""minimum_sum"", ""ms_scaling_factor"": 0.9}, ""decoder_type"": ""BP"", ""id_batch_arguments"": 18, ""id_automorphism"": 18}";0.11600000000000009;144;18
0.012972116470336914;BP_19;0.003;[19, 36, 37, 45, 47, 58, 63, 68, 70, 82, 85, 88, 93, 107, 116, 118, 135, 146, 159, 161, 166, 170, 184, 203, 212, 214, 220, 221, 223, 241, 248, 262, 275, 301, 311, 339, 344, 352, 355, 357, 381, 382, 403, 406, 408, 413, 420, 426, 433, 438, 444, 445, 451, 461, 490, 493];BP;nmc_144_0c003_1;0.004738061428070062;"{""id_arguments"": ""BP_19"", ""arguments"": {""max_iter"": 100, ""bp_method"": ""minimum_sum"", ""ms_scaling_factor"": 0.9}, ""decoder_type"": ""BP"", ""id_batch_arguments"": 19, ""id_automorphism"": 19}";0.11200000000000009;144;19
0.012965917587280273;BP_2;0.003;[19, 36, 37, 45, 47, 48, 58, 63, 68, 70, 82, 85, 88, 93, 107, 116, 118, 135, 146, 150, 159, 161, 166, 170, 184, 203, 212, 214, 220, 221, 223, 240, 241, 248, 262, 275, 301, 311, 339, 344, 352, 355, 357, 381, 382, 403, 406, 408, 413, 420, 426, 433, 438, 444, 445, 451, 461, 490, 493];BP;nmc_144_0c003_1;0.004727898120880124;"{""id_arguments"": ""BP_2"", ""arguments"": {""max_iter"": 100, ""bp_method"": ""minimum_sum"", ""ms_scaling_factor"": 0.9}, ""decoder_type"": ""BP"", ""id_batch_arguments"": 2, ""id_automorphism"": 2}";0.11800000000000009;144;2
0.01300811767578125;BP_20;0.003;[19, 36, 37, 45, 47, 58, 63, 68, 70, 82, 85, 88, 93, 107, 116, 118, 135, 146, 150, 159, 161, 166, 170, 184, 203, 212, 214, 220, 221, 223, 241, 248, 262, 275, 301, 311, 339, 344, 352, 355, 357, 381, 382, 403, 406, 408, 413, 420, 426, 433, 438, 444, 445, 451, 461, 490, 493];BP;nmc_144_0c003_1;0.004756803035736086;"{""id_arguments"": ""BP_20"", ""arguments"": {""max_iter"": 100, ""bp_method"": ""minimum_sum"", ""ms_scaling_factor"": 0.9}, ""decoder_type"": ""BP"", ""id_batch_arguments"": 20, ""id_automorphism"": 20}";0.11400000000000009;144;20
0.012991905212402344;BP_21;0.003;[19, 36, 37, 45, 47, 58, 63, 68, 70, 82, 85, 88, 93, 107, 116, 118, 135, 146, 159, 161, 166, 170, 184, 203, 212, 214, 220, 221, 223, 240, 241, 248, 262, 275, 301, 311, 339, 344, 352, 355, 357, 381, 382, 403, 406, 408, 413, 420, 426, 433, 438, 444, 445, 451, 461, 490, 493];BP;nmc_144_0c003_1;0.004731384754180908;"{""id_arguments"": ""BP_21"", ""arguments"": {""max_iter"": 100, ""bp_method"": ""minimum_sum"", ""ms_scaling_factor"": 0.9}, ""decoder_type"": ""BP"", ""id_batch_arguments"": 21, ""id_automorphism"": 21}";0.11400000000000009;144;21
0.013008832931518555;BP_22;0.003;[19, 36, 37, 45, 47, 58, 63, 68, 70, 82, 85, 88, 93, 107, 116, 118, 135, 146, 159, 161, 166, 170, 184, 203, 212, 214, 220, 221, 223, 240, 241, 248, 262, 275, 301, 311, 339, 344, 352, 355, 357, 381, 382, 403, 406, 408, 413, 420, 426, 433, 438, 444, 445, 451, 461, 490, 493];BP;nmc_144_0c003_1;0.004741796970367429;"{""id_arguments"": ""BP_22"", ""arguments"": {""max_iter"": 100, ""bp_method"": ""minimum_sum"", ""ms_scaling_factor"": 0.9}, ""decoder_type"": ""BP"", ""id_batch_arguments"": 22, ""id_automorphism"": 22}";0.11400000000000009;144;22
0.013013839721679688;BP_23;0.003;[19, 36, 37, 45, 47, 48, 58, 63, 68, 70, 82, 85, 88, 93, 107, 116, 118, 135, 146, 159, 161, 166, 170, 184, 203, 212, 214, 220, 221, 223, 241, 248, 262, 275, 301, 311, 339, 344, 352, 355, 357, 381, 382, 403, 406, 408, 413, 420, 426, 433, 438, 444, 445, 451, 461, 490, 493];BP;nmc_144_0c003_1;0.004753338336944581;"{""id_arguments"": ""BP_23"", ""arguments"": {""max_iter"": 100, ""bp_method"": ""minimum_sum"", ""ms_scaling_factor"": 0.9}, ""decoder_type"": ""BP"", ""id_batch_arguments"": 23, ""id_automorphism"": 23}";0.11400000000000009;144;23
0.013151884078979492;BP_24;0.003;[19, 36, 37, 45, 47, 58, 63, 68, 70, 82, 85, 88, 93, 107, 116, 118, 135, 146, 159, 161, 166, 170, 184, 203, 212, 214, 220, 221, 223, 241, 248, 262, 275, 301, 311, 339, 344, 352, 355, 357, 381, 382, 403, 406, 408, 413, 420, 426, 433, 438, 444, 445, 451, 461, 490, 493];BP;nmc_144_0c003_1;0.004737362861633302;"{""id_arguments"": ""BP_24"", ""arguments"": {""max_iter"": 100, ""bp_method"": ""minimum_sum"", ""ms_scaling_factor"": 0.9}, ""decoder_type"": ""BP"", ""id_batch_arguments"": 24, ""id_automorphism"": 24}";0.11200000000000009;144;24
0.013064861297607422;BP_25;0.003;[19, 36, 37, 45, 47, 48, 58, 63, 68, 70, 82, 85, 88, 93, 107, 116, 118, 135, 146, 159, 161, 166, 170, 184, 203, 212, 214, 220, 221, 223, 241, 248, 262, 275, 301, 311, 339, 344, 352, 355, 357, 381, 382, 403, 406, 408, 413, 420, 426, 433, 438, 444, 445, 451, 461, 490, 493];BP;nmc_144_0c003_1;0.004763472557067873;"{""id_arguments"": ""BP_25"", ""arguments"": {""max_iter"": 100, ""bp_method"": ""minimum_sum"", ""ms_scaling_factor"": 0.9}, ""decoder_type"": ""BP"", ""id_batch_arguments"": 25, ""id_automorphism"": 25}";0.11400000000000009;144;25
0.014094114303588867;BP_26;0.003;[19, 36, 37, 45, 47, 48, 58, 63, 68, 70, 82, 85, 88, 93, 107, 116, 118, 135, 146, 150, 159, 161, 166, 170, 184, 203, 212, 214, 220, 221, 223, 240, 241, 248, 262, 275, 301, 311, 339, 344, 352, 355, 357, 381, 382, 403, 406, 408, 413, 420, 426, 433, 438, 444, 445, 451, 461, 490, 493];BP;nmc_144_0c003_1;0.004771728515625001;"{""id_arguments"": ""BP_26"", ""arguments"": {""max_iter"": 100, ""bp_method"": ""minimum_sum"", ""ms_scaling_factor"": 0.9}, ""decoder_type"": ""BP"", ""id_batch_arguments"": 26, ""id_automorphism"": 26}";0.11800000000000009;144;26
0.013083934783935547;BP_27;0.003;[19, 36, 37, 45, 47, 48, 58, 63, 68, 70, 82, 85, 88, 93, 107, 116, 118, 135, 146, 159, 161, 166, 170, 184, 203, 212, 214, 220, 221, 223, 241, 248, 262, 275, 301, 311, 339, 344, 352, 355, 357, 381, 382, 403, 406, 408, 413, 420, 426, 433, 438, 444, 445, 451, 461, 490, 493];BP;nmc_144_0c003_1;0.004760838985443116;"{""id_arguments"": ""BP_27"", ""arguments"": {""max_iter"": 100, ""bp_method"": ""minimum_sum"", ""ms_scaling_factor"": 0.9}, ""decoder_type"": ""BP"", ""id_batch_arguments"": 27, ""id_automorphism"": 27}";0.11400000000000009;144;27
0.013070106506347656;BP_28;0.003;[19, 36, 37, 45, 47, 48, 58, 63, 68, 70, 82, 85, 88, 93, 107, 116, 118, 135, 146, 150, 159, 161, 166, 170, 184, 203, 212, 214, 220, 221, 223, 241, 248, 262, 275, 301, 311, 339, 344, 352, 355, 357, 381, 382, 403, 406, 408, 413, 420, 426, 433, 438, 444, 445, 451, 461, 490, 493];BP;nmc_144_0c003_1;0.004768798828124997;"{""id_arguments"": ""BP_28"", ""arguments"": {""max_iter"": 100, ""bp_method"": ""minimum_sum"", ""ms_scaling_factor"": 0.9}, ""decoder_type"": ""BP"", ""id_batch_arguments"": 28, ""id_automorphism"": 28}";0.11600000000000009;144;28
0.013033151626586914;BP_29;0.003;[19, 36, 37, 45, 47, 58, 63, 68, 70, 82, 85, 88, 93, 107, 116, 118, 135, 146, 150, 159, 161, 166, 170, 184, 203, 212, 214, 220, 221, 223, 241, 248, 262, 275, 301, 311, 339, 344, 352, 355, 357, 381, 382, 403, 406, 408, 413, 420, 426, 433, 438, 444, 445, 451, 461, 490, 493];BP;nmc_144_0c003_1;0.00472423219680786;"{""id_arguments"": ""BP_29"", ""arguments"": {""max_iter"": 100, ""bp_method"": ""minimum_sum"", ""ms_scaling_factor"": 0.9}, ""decoder_type"": ""BP"", ""id_batch_arguments"": 29, ""id_automorphism"": 29}";0.11400000000000009;144;29
0.013139963150024414;BP_3;0.003;[19, 36, 37, 45, 47, 48, 58, 63, 68, 70, 82, 85, 88, 93, 107, 116, 118, 135, 146, 159, 161, 166, 170, 184, 203, 212, 214, 220, 221, 223, 241, 248, 262, 275, 301, 311, 339, 344, 352, 355, 357, 381, 382, 403, 406, 408, 413, 420, 426, 433, 438, 444, 445, 451, 461, 490, 493];BP;nmc_144_0c003_1;0.004770725727081297;"{""id_arguments"": ""BP_3"", ""arguments"": {""max_iter"": 100, ""bp_method"": ""minimum_sum"", ""ms_scaling_factor"": 0.9}, ""decoder_type"": ""BP"", ""id_batch_arguments"": 3, ""id_automorphism"": 3}";0.11400000000000009;144;3
0.01301121711730957;BP_30;0.003;[19, 36, 37, 45, 47, 58, 63, 68, 70, 82, 85, 88, 93, 107, 116, 118, 135, 146, 150, 159, 161, 166, 170, 184, 203, 212, 214, 220, 221, 223, 240, 241, 248, 262, 275, 301, 311, 339, 344, 352, 355, 357, 381, 382, 403, 406, 408, 413, 420, 426, 433, 438, 444, 445, 451, 461, 490, 493];BP;nmc_144_0c003_1;0.004735480308532716;"{""id_arguments"": ""BP_30"", ""arguments"": {""max_iter"": 100, ""bp_method"": ""minimum_sum"", ""ms_scaling_factor"": 0.9}, ""decoder_type"": ""BP"", ""id_batch_arguments"": 30, ""id_automorphism"": 30}";0.11600000000000009;144;30
0.01293182373046875;BP_31;0.003;[19, 36, 37, 45, 47, 58, 63, 68, 70, 82, 85, 88, 93, 107, 116, 118, 135, 146, 159, 161, 166, 170, 184, 203, 212, 214, 220, 221, 223, 240, 241, 248, 262, 275, 301, 311, 339, 344, 352, 355, 357, 381, 382, 403, 406, 408, 413, 420, 426, 433, 438, 444, 445, 451, 461, 490, 493];BP;nmc_144_0c003_1;0.004740674018859865;"{""id_arguments"": ""BP_31"", ""arguments"": {""max_iter"": 100, ""bp_method"": ""minimum_sum"", ""ms_scaling_factor"": 0.9}, ""decoder_type"": ""BP"", ""id_batch_arguments"": 31, ""id_automorphism"": 31}";0.11400000000000009;144;31
0.013014078140258789;BP_32;0.003;[19, 36, 37, 45, 47, 48, 58, 63, 68, 70, 82, 85, 88, 93, 107, 116, 118, 135, 146, 159, 161, 166, 170, 184, 203, 212, 214, 220, 221, 223, 241, 248, 262, 275, 301, 311, 339, 344, 352, 355, 357, 381, 382, 403, 406, 408, 413, 420, 426, 433, 438, 444, 445, 451, 461, 490, 493];BP;nmc_144_0c003_1;0.004765443325042725;"{""id_arguments"": ""BP_32"", ""arguments"": {""max_iter"": 100, ""bp_method"": ""minimum_sum"", ""ms_scaling_factor"": 0.9}, ""decoder_type"": ""BP"", ""id_batch_arguments"": 32, ""id_automorphism"": 32}";0.11400000000000009;144;32
0.018963098526000977;BP_33;0.003;[19, 36, 37, 45, 47, 58, 63, 68, 70, 82, 85, 88, 93, 107, 116, 118, 135, 146, 159, 161, 166, 170, 184, 203, 212, 214, 220, 221, 223, 240, 241, 248, 262, 275, 301, 311, 339, 344, 352, 355, 357, 381, 382, 403, 406, 408, 413, 420, 426, 433, 438, 444, 445, 451, 461, 490, 493];BP;nmc_144_0c003_1;0.004980089187622073;"{""id_arguments"": ""BP_33"", ""arguments"": {""max_iter"": 100, ""bp_method"": ""minimum_sum"", ""ms_scaling_factor"": 0.9}, ""decoder_type"": ""BP"", ""id_batch_arguments"": 33, ""id_automorphism"": 33}";0.11400000000000009;144;33
0.016209125518798828;BP_34;0.003;[19, 36, 37, 45, 47, 58, 63, 68, 70, 82, 85, 88, 93, 107, 116, 118, 135, 146, 150, 159, 161, 166, 170, 184, 203, 212, 214, 220, 221, 223, 241, 248, 262, 275, 301, 311, 339, 344, 352, 355, 357, 381, 382, 403, 406, 408, 413, 420, 426, 433, 438, 444, 445, 451, 461, 490, 493];BP;nmc_144_0c003_1;0.004913523197174071;"{""id_arguments"": ""BP_34"", ""arguments"": {""max_iter"": 100, ""bp_method"": ""minimum_sum"", ""ms_scaling_factor"": 0.9}, ""decoder_type"": ""BP"", ""id_batch_arguments"": 34, ""id_automorphism"": 34}";0.11400000000000009;144;34
0.02013087272644043;BP_35;0.003;[19, 36, 37, 45, 47, 48, 58, 63, 68, 70, 82, 85, 88, 93, 107, 116, 118, 135, 146, 159, 161, 166, 170, 184, 203, 212, 214, 220, 221, 223, 240, 241, 248, 262, 275, 301, 311, 339, 344, 352, 355, 357, 381, 382, 403, 406, 408, 413, 420, 426, 433, 438, 444, 445, 451, 461, 490, 493];BP;nmc_144_0c003_1;0.005058716773986817;"{""id_arguments"": ""BP_35"", ""arguments"": {""max_iter"": 100, ""bp_method"": ""minimum_sum"", ""ms_scaling_factor"": 0.9}, ""decoder_type"": ""BP"", ""id_batch_arguments"": 35, ""id_automorphism"": 35}";0.11600000000000009;144;35
0.018970012664794922;BP_36;0.003;[19, 36, 37, 45, 47, 58, 63, 68, 70, 82, 85, 88, 93, 107, 116, 118, 135, 146, 150, 159, 161, 166, 170, 184, 203, 212, 214, 220, 221, 223, 241, 248, 262, 275, 301, 311, 339, 344, 352, 355, 357, 381, 382, 403, 406, 408, 413, 420, 426, 433, 438, 444, 445, 451, 461, 490, 493];BP;nmc_144_0c003_1;0.0048976864814758245;"{""id_arguments"": ""BP_36"", ""arguments"": {""max_iter"": 100, ""bp_method"": ""minimum_sum"", ""ms_scaling_factor"": 0.9}, ""decoder_type"": ""BP"", ""id_batch_arguments"": 36, ""id_automorphism"": 36}";0.11400000000000009;144;36
0.016489267349243164;BP_37;0.003;[19, 36, 37, 45, 47, 58, 63, 68, 70, 82, 85, 88, 93, 107, 116, 118, 135, 146, 150, 159, 161, 166, 170, 184, 203, 212, 214, 220, 221, 223, 240, 241, 248, 262, 275, 301, 311, 339, 344, 352, 355, 357, 381, 382, 403, 406, 408, 413, 420, 426, 433, 438, 444, 445, 451, 461, 490, 493];BP;nmc_144_0c003_1;0.0048679895401001014;"{""id_arguments"": ""BP_37"", ""arguments"": {""max_iter"": 100, ""bp_method"": ""minimum_sum"", ""ms_scaling_factor"": 0.9}, ""decoder_type"": ""BP"", ""id_batch_arguments"": 37, ""id_automorphism"": 37}";0.11600000000000009;144;37
0.021042823791503906;BP_38;0.003;[19, 36, 37, 45, 47, 48, 58, 63, 68, 70, 82, 85, 88, 93, 107, 116, 118, 135, 146, 159, 161, 166, 170, 184, 203, 212, 214, 220, 221, 223, 240, 241, 248, 262, 275, 301, 311, 339, 344, 352, 355, 357, 381, 382, 403, 406, 408, 413, 420, 426, 433, 438, 444, 445, 451, 461, 490, 493];BP;nmc_144_0c003_1;0.004977313041687009;"{""id_arguments"": ""BP_38"", ""arguments"": {""max_iter"": 100, ""bp_method"": ""minimum_sum"", ""ms_scaling_factor"": 0.9}, ""decoder_type"": ""BP"", ""id_batch_arguments"": 38, ""id_automorphism"": 38}";0.11600000000000009;144;38
0.013116836547851562;BP_39;0.003;[19, 36, 37, 45, 47, 48, 58, 63, 68, 70, 82, 85, 88, 93, 107, 116, 118, 135, 146, 159, 161, 166, 170, 184, 203, 212, 214, 220, 221, 223, 241, 248, 262, 275, 301, 311, 339, 344, 352, 355, 357, 381, 382, 403, 406, 408, 413, 420, 426, 433, 438, 444, 445, 451, 461, 490, 493];BP;nmc_144_0c003_1;0.004767333030700683;"{""id_arguments"": ""BP_39"", ""arguments"": {""max_iter"": 100, ""bp_method"": ""minimum_sum"", ""ms_scaling_factor"": 0.9}, ""decoder_type"": ""BP"", ""id_batch_arguments"": 39, ""id_automorphism"": 39}";0.11400000000000009;144;39
0.012955904006958008;BP_4;0.003;[19, 36, 37, 45, 47, 48, 58, 63, 68, 70, 82, 85, 88, 93, 107, 116, 118, 135, 146, 150, 159, 161, 166, 170, 184, 203, 212, 214, 220, 221, 223, 241, 248, 262, 275, 301, 311, 339, 344, 352, 355, 357, 381, 382, 403, 406, 408, 413, 420, 426, 433, 438, 444, 445, 451, 461, 490, 493];BP;nmc_144_0c003_1;0.004723419189453126;"{""id_arguments"": ""BP_4"", ""arguments"": {""max_iter"": 100, ""bp_method"": ""minimum_sum"", ""ms_scaling_factor"": 0.9}, ""decoder_type"": ""BP"", ""id_batch_arguments"": 4, ""id_automorphism"": 4}";0.11600000000000009;144;4
0.012952089309692383;BP_40;0.003;[19, 36, 37, 45, 47, 58, 63, 68, 70, 82, 85, 88, 93, 107, 116, 118, 135, 146, 150, 159, 161, 166, 170, 184, 203, 212, 214, 220, 221, 223, 241, 248, 262, 275, 301, 311, 339, 344, 352, 355, 357, 381, 382, 403, 406, 408, 413, 420, 426, 433, 438, 444, 445, 451, 461, 490, 493];BP;nmc_144_0c003_1;0.00469997787475586;"{""id_arguments"": ""BP_40"", ""arguments"": {""max_iter"": 100, ""bp_method"": ""minimum_sum"", ""ms_scaling_factor"": 0.9}, ""decoder_type"": ""BP"", ""id_batch_arguments"": 40, ""id_automorphism"": 40}";0.11400000000000009;144;40
0.013108015060424805;BP_41;0.003;[19, 36, 37, 45, 47, 48, 58, 63, 68, 70, 82, 85, 88, 93, 107, 116, 118, 135, 146, 150, 159, 161, 166, 170, 184, 203, 212, 214, 220, 221, 223, 240, 241, 248, 262, 275, 301, 311, 339, 344, 352, 355, 357, 381, 382, 403, 406, 408, 413, 420, 426, 433, 438, 444, 445, 451, 461, 490, 493];BP;nmc_144_0c003_1;0.0047502746582031245;"{""id_arguments"": ""BP_41"", ""arguments"": {""max_iter"": 100, ""bp_method"": ""minimum_sum"", ""ms_scaling_factor"": 0.9}, ""decoder_type"": ""BP"", ""id_batch_arguments"": 41, ""id_automorphism"": 41}";0.11800000000000009;144;41
0.013276100158691406;BP_42;0.003;[19, 36, 37, 45, 47, 48, 58, 63, 68, 70, 82, 85, 88, 93, 107, 116, 118, 135, 146, 150, 159, 161, 166, 170, 184, 203, 212, 214, 220, 221, 223, 240, 241, 248, 262, 275, 301, 311, 339, 344, 352, 355, 357, 381, 382, 403, 406, 408, 413, 420, 426, 433, 438, 444, 445, 451, 461, 490, 493];BP;nmc_144_0c003_1;0.004773476600646975;"{""id_arguments"": ""BP_42"", ""arguments"": {""max_iter"": 100, ""bp_method"": ""minimum_sum"", ""ms_scaling_factor"": 0.9}, ""decoder_type"": ""BP"", ""id_batch_arguments"": 42, ""id_automorphism"": 42}";0.11800000000000009;144;42
0.014284133911132812;BP_43;0.003;[19, 36, 37, 45, 47, 58, 63, 68, 70, 82, 85, 88, 93, 107, 116, 118, 135, 146, 150, 159, 161, 166, 170, 184, 203, 212, 214, 220, 221, 223, 240, 241, 248, 262, 275, 301, 311, 339, 344, 352, 355, 357, 381, 382, 403, 406, 408, 413, 420, 426, 433, 438, 444, 445, 451, 461, 490, 493];BP;nmc_144_0c003_1;0.004745547294616699;"{""id_arguments"": ""BP_43"", ""arguments"": {""max_iter"": 100, ""bp_method"": ""minimum_sum"", ""ms_scaling_factor"": 0.9}, ""decoder_type"": ""BP"", ""id_batch_arguments"": 43, ""id_automorphism"": 43}";0.11600000000000009;144;43
0.01886272430419922;BP_44;0.003;[19, 36, 37, 45, 47, 58, 63, 68, 70, 82, 85, 88, 93, 107, 116, 118, 135, 146, 150, 159, 161, 166, 170, 184, 203, 212, 214, 220, 221, 223, 240, 241, 248, 262, 275, 301, 311, 339, 344, 352, 355, 357, 381, 382, 403, 406, 408, 413, 420, 426, 433, 438, 444, 445, 451, 461, 490, 493];BP;nmc_144_0c003_1;0.00478124761581421;"{""id_arguments"": ""BP_44"", ""arguments"": {""max_iter"": 100, ""bp_method"": ""minimum_sum"", ""ms_scaling_factor"": 0.9}, ""decoder_type"": ""BP"", ""id_batch_arguments"": 44, ""id_automorphism"": 44}";0.11600000000000009;144;44
0.013144969940185547;BP_45;0.003;[19, 36, 37, 45, 47, 58, 63, 68, 70, 82, 85, 88, 93, 107, 116, 118, 135, 146, 159, 161, 166, 170, 184, 203, 212, 214, 220, 221, 223, 240, 241, 248, 262, 275, 301, 311, 339, 344, 352, 355, 357, 381, 382, 403, 406, 408, 413, 420, 426, 433, 438, 444, 445, 451, 461, 490, 493];BP;nmc_144_0c003_1;0.004740311145782471;"{""id_arguments"": ""BP_45"", ""arguments"": {""max_iter"": 100, ""bp_method"": ""minimum_sum"", ""ms_scaling_factor"": 0.9}, ""decoder_type"": ""BP"", ""id_batch_arguments"": 45, ""id_automorphism"": 45}";0.11400000000000009;144;45
0.013361930847167969;BP_46;0.003;[19, 36, 37, 45, 47, 58, 63, 68, 70, 82, 85, 88, 93, 107, 116, 118, 135, 146, 150, 159, 161, 166, 170, 184, 203, 212, 214, 220, 221, 223, 240, 241, 248, 262, 275, 301, 311, 339, 344, 352, 355, 357, 381, 382, 403, 406, 408, 413, 420, 426, 433, 438, 444, 445, 451, 461, 490, 493];BP;nmc_144_0c003_1;0.004771352291107178;"{""id_arguments"": ""BP_46"", ""arguments"": {""max_iter"": 100, ""bp_method"": ""minimum_sum"", ""ms_scaling_factor"": 0.9}, ""decoder_type"": ""BP"", ""id_batch_arguments"": 46, ""id_automorphism"": 46}";0.11600000000000009;144;46
0.012909889221191406;BP_47;0.003;[19, 36, 37, 45, 47, 58, 63, 68, 70, 82, 85, 88, 93, 107, 116, 118, 135, 146, 159, 161, 166, 170, 184, 203, 212, 214, 220, 221, 223, 240, 241, 248, 262, 275, 301, 311, 339, 344, 352, 355, 357, 381, 382, 403, 406, 408, 413, 420, 426, 433, 438, 444, 445, 451, 461, 490, 493];BP;nmc_144_0c003_1;0.004717843532562255;"{""id_arguments"": ""BP_47"", ""arguments"": {""max_iter"": 100, ""bp_method"": ""minimum_sum"", ""ms_scaling_factor"": 0.9}, ""decoder_type"": ""BP"", ""id_batch_arguments"": 47, ""id_automorphism"": 47}";0.11400000000000009;144;47
0.015155792236328125;BP_48;0.003;[19, 36, 37, 45, 47, 58, 63, 68, 70, 82, 85, 88, 93, 107, 116, 118, 135, 146, 150, 159, 161, 166, 170, 184, 203, 212, 214, 220, 221, 223, 240, 241, 248, 262, 275, 301, 311, 339, 344, 352, 355, 357, 381, 382, 403, 406, 408, 413, 420, 426, 433, 438, 444, 445, 451, 461, 490, 493];BP;nmc_144_0c003_1;0.004746331691741942;"{""id_arguments"": ""BP_48"", ""arguments"": {""max_iter"": 100, ""bp_method"": ""minimum_sum"", ""ms_scaling_factor"": 0.9}, ""decoder_type"": ""BP"", ""id_batch_arguments"": 48, ""id_automorphism"": 48}";0.11600000000000009;144;48
0.013000965118408203;BP_49;0.003;[19, 36, 37, 45, 47, 58, 63, 68, 70, 82, 85, 88, 93, 107, 116, 118, 135, 146, 159, 161, 166, 170, 184, 203, 212, 214, 220, 221, 223, 240, 241, 248, 262, 275, 301, 311, 339, 344, 352, 355, 357, 381, 382, 403, 406, 408, 413, 420, 426, 433, 438, 444, 445, 451, 461, 490, 493];BP;nmc_144_0c003_1;0.004726547718048097;"{""id_arguments"": ""BP_49"", ""arguments"": {""max_iter"": 100, ""bp_method"": ""minimum_sum"", ""ms_scaling_factor"": 0.9}, ""decoder_type"": ""BP"", ""id_batch_arguments"": 49, ""id_automorphism"": 49}";0.11400000000000009;144;49
0.013030290603637695;BP_5;0.003;[19, 36, 37, 45, 47, 48, 58, 63, 68, 70, 82, 85, 88, 93, 107, 116, 118, 135, 146, 150, 159, 161, 166, 170, 184, 203, 212, 214, 220, 221, 223, 240, 241, 248, 262, 275, 301, 311, 339, 344, 352, 355, 357, 381, 382, 403, 406, 408, 413, 420, 426, 433, 438, 444, 445, 451, 461, 490, 493];BP;nmc_144_0c003_1;0.004736653804779054;"{""id_arguments"": ""BP_5"", ""arguments"": {""max_iter"": 100, ""bp_method"": ""minimum_sum"", ""ms_scaling_factor"": 0.9}, ""decoder_type"": ""BP"", ""id_batch_arguments"": 5, ""id_automorphism"": 5}";0.11800000000000009;144;5
0.013072013854980469;BP_50;0.003;[19, 36, 37, 45, 47, 58, 63, 68, 70, 82, 85, 88, 93, 107, 116, 118, 135, 146, 150, 159, 161, 166, 170, 184, 203, 212, 214, 220, 221, 223, 241, 248, 262, 275, 301, 311, 339, 344, 352, 355, 357, 381, 382, 403, 406, 408, 413, 420, 426, 433, 438, 444, 445, 451, 461, 490, 493];BP;nmc_144_0c003_1;0.004721264362335208;"{""id_arguments"": ""BP_50"", ""arguments"": {""max_iter"": 100, ""bp_method"": ""minimum_sum"", ""ms_scaling_factor"": 0.9}, ""decoder_type"": ""BP"", ""id_batch_arguments"": 50, ""id_automorphism"": 50}";0.11400000000000009;144;50
0.013437986373901367;BP_51;0.003;[19, 36, 37, 45, 47, 48, 58, 63, 68, 70, 82, 85, 88, 93, 107, 116, 118, 135, 146, 150, 159, 161, 166, 170, 184, 203, 212, 214, 220, 221, 223, 240, 241, 248, 262, 275, 301, 311, 339, 344, 352, 355, 357, 381, 382, 403, 406, 408, 413, 420, 426, 433, 438, 444, 445, 451, 461, 490, 493];BP;nmc_144_0c003_1;0.004749712944030758;"{""id_arguments"": ""BP_51"", ""arguments"": {""max_iter"": 100, ""bp_method"": ""minimum_sum"", ""ms_scaling_factor"": 0.9}, ""decoder_type"": ""BP"", ""id_batch_arguments"": 51, ""id_automorphism"": 51}";0.11800000000000009;144;51
0.014731168746948242;BP_52;0.003;[19, 36, 37, 45, 47, 58, 63, 68, 70, 82, 85, 88, 93, 107, 116, 118, 135, 146, 150, 159, 161, 166, 170, 184, 203, 212, 214, 220, 221, 223, 240, 241, 248, 262, 275, 301, 311, 339, 344, 352, 355, 357, 381, 382, 403, 406, 408, 413, 420, 426, 433, 438, 444, 445, 451, 461, 490, 493];BP;nmc_144_0c003_1;0.0048636345863342255;"{""id_arguments"": ""BP_52"", ""arguments"": {""max_iter"": 100, ""bp_method"": ""minimum_sum"", ""ms_scaling_factor"": 0.9}, ""decoder_type"": ""BP"", ""id_batch_arguments"": 52, ""id_automorphism"": 52}";0.11600000000000009;144;52
0.013549089431762695;BP_53;0.003;[19, 36, 37, 45, 47, 58, 63, 68, 70, 82, 85, 88, 93, 107, 116, 118, 135, 146, 159, 161, 166, 170, 184, 203, 212, 214, 220, 221, 223, 240, 241, 248, 262, 275, 301, 311, 339, 344, 352, 355, 357, 381, 382, 403, 406, 408, 413, 420, 426, 433, 438, 444, 445, 451, 461, 490, 493];BP;nmc_144_0c003_1;0.004739859580993655;"{""id_arguments"": ""BP_53"", ""arguments"": {""max_iter"": 100, ""bp_method"": ""minimum_sum"", ""ms_scaling_factor"": 0.9}, ""decoder_type"": ""BP"", ""id_batch_arguments"": 53, ""id_automorphism"": 53}";0.11400000000000009;144;53
0.012896060943603516;BP_54;0.003;[19, 36, 37, 45, 47, 58, 63, 68, 70, 82, 85, 88, 93, 107, 116, 118, 135, 146, 150, 159, 161, 166, 170, 184, 203, 212, 214, 220, 221, 223, 240, 241, 248, 262, 275, 301, 311, 339, 344, 352, 355, 357, 381, 382, 403, 406, 408, 413, 420, 426, 433, 438, 444, 445, 451, 461, 490, 493];BP;nmc_144_0c003_1;0.004695329189300534;"{""id_arguments"": ""BP_54"", ""arguments"": {""max_iter"": 100, ""bp_method"": ""minimum_sum"", ""ms_scaling_factor"": 0.9}, ""decoder_type"": ""BP"", ""id_batch_arguments"": 54, ""id_automorphism"": 54}";0.11600000000000009;144;54
0.013015031814575195;BP_55;0.003;[19, 36, 37, 45, 47, 48, 58, 63, 68, 70, 82, 85, 88, 93, 107, 116, 118, 135, 146, 159, 161, 166, 170, 184, 203, 212, 214, 220, 221, 223, 241, 248, 262, 275, 301, 311, 339, 344, 352, 355, 357, 381, 382, 403, 406, 408, 413, 420, 426, 433, 438, 444, 445, 451, 461, 490, 493];BP;nmc_144_0c003_1;0.004747951507568359;"{""id_arguments"": ""BP_55"", ""arguments"": {""max_iter"": 100, ""bp_method"": ""minimum_sum"", ""ms_scaling_factor"": 0.9}, ""decoder_type"": ""BP"", ""id_batch_arguments"": 55, ""id_automorphism"": 55}";0.11400000000000009;144;55
0.012935876846313477;BP_56;0.003;[19, 36, 37, 45, 47, 58, 63, 68, 70, 82, 85, 88, 93, 107, 116, 118, 135, 146, 150, 159, 161, 166, 170, 184, 203, 212, 214, 220, 221, 223, 240, 241, 248, 262, 275, 301, 311, 339, 344, 352, 355, 357, 381, 382, 403, 406, 408, 413, 420, 426, 433, 438, 444, 445, 451, 461, 490, 493];BP;nmc_144_0c003_1;0.004730175495147701;"{""id_arguments"": ""BP_56"", ""arguments"": {""max_iter"": 100, ""bp_method"": ""minimum_sum"", ""ms_scaling_factor"": 0.9}, ""decoder_type"": ""BP"", ""id_batch_arguments"": 56, ""id_automorphism"": 56}";0.11600000000000009;144;56
0.01353597640991211;BP_57;0.003;[19, 36, 37, 45, 47, 48, 58, 63, 68, 70, 82, 85, 88, 93, 107, 116, 118, 135, 146, 159, 161, 166, 170, 184, 203, 212, 214, 220, 221, 223, 240, 241, 248, 262, 275, 301, 311, 339, 344, 352, 355, 357, 381, 382, 403, 406, 408, 413, 420, 426, 433, 438, 444, 445, 451, 461, 490, 493];BP;nmc_144_0c003_1;0.004733770847320557;"{""id_arguments"": ""BP_57"", ""arguments"": {""max_iter"": 100, ""bp_method"": ""minimum_sum"", ""ms_scaling_factor"": 0.9}, ""decoder_type"": ""BP"", ""id_batch_arguments"": 57, ""id_automorphism"": 57}";0.11600000000000009;144;57
0.01604771614074707;BP_58;0.003;[19, 36, 37, 45, 47, 58, 63, 68, 70, 82, 85, 88, 93, 107, 116, 118, 135, 146, 150, 159, 161, 166, 170, 184, 203, 212, 214, 220, 221, 223, 240, 241, 248, 262, 275, 301, 311, 339, 344, 352, 355, 357, 381, 382, 403, 406, 408, 413, 420, 426, 433, 438, 444, 445, 451, 461, 490, 493];BP;nmc_144_0c003_1;0.004757918357849121;"{""id_arguments"": ""BP_58"", ""arguments"": {""max_iter"": 100, ""bp_method"": ""minimum_sum"", ""ms_scaling_factor"": 0.9}, ""decoder_type"": ""BP"", ""id_batch_arguments"": 58, ""id_automorphism"": 58}";0.11600000000000009;144;58
0.024279117584228516;BP_59;0.003;[19, 36, 37, 45, 47, 58, 63, 68, 70, 82, 85, 88, 93, 107, 116, 118, 135, 146, 150, 159, 161, 166, 170, 184, 203, 212, 214, 220, 221, 223, 240, 241, 248, 262, 275, 301, 311, 339, 344, 352, 355, 357, 381, 382, 403, 406, 408, 413, 420, 426, 433, 438, 444, 445, 451, 461, 490, 493];BP;nmc_144_0c003_1;0.004777742862701415;"{""id_arguments"": ""BP_59"", ""arguments"": {""max_iter"": 100, ""bp_method"": ""minimum_sum"", ""ms_scaling_factor"": 0.9}, ""decoder_type"": ""BP"", ""id_batch_arguments"": 59, ""id_automorphism"": 59}";0.11600000000000009;144;59
0.012995004653930664;BP_6;0.003;[19, 36, 37, 45, 47, 58, 63, 68, 70, 82, 85, 88, 93, 107, 116, 118, 135, 146, 150, 159, 161, 166, 170, 184, 203, 212, 214, 220, 221, 223, 240, 241, 248, 262, 275, 301, 311, 339, 344, 352, 355, 357, 381, 382, 403, 406, 408, 413, 420, 426, 433, 438, 444, 445, 451, 461, 490, 493];BP;nmc_144_0c003_1;0.004745227813720703;"{""id_arguments"": ""BP_6"", ""arguments"": {""max_iter"": 100, ""bp_method"": ""minimum_sum"", ""ms_scaling_factor"": 0.9}, ""decoder_type"": ""BP"", ""id_batch_arguments"": 6, ""id_automorphism"": 6}";0.11600000000000009;144;6
0.012923240661621094;BP_60;0.003;[19, 36, 37, 45, 47, 48, 58, 63, 68, 70, 82, 85, 88, 93, 107, 116, 118, 135, 146, 150, 159, 161, 166, 170, 184, 203, 212, 214, 220, 221, 223, 240, 241, 248, 262, 275, 301, 311, 339, 344, 352, 355, 357, 381, 382, 403, 406, 408, 413, 420, 426, 433, 438, 444, 445, 451, 461, 490, 493];BP;nmc_144_0c003_1;0.004714543819427491;"{""id_arguments"": ""BP_60"", ""arguments"": {""max_iter"": 100, ""bp_method"": ""minimum_sum"", ""ms_scaling_factor"": 0.9}, ""decoder_type"": ""BP"", ""id_batch_arguments"": 60, ""id_automorphism"": 60}";0.11800000000000009;144;60
0.013225078582763672;BP_61;0.003;[19, 36, 37, 45, 47, 48, 58, 63, 68, 70, 82, 85, 88, 93, 107, 116, 118, 135, 146, 159, 161, 166, 170, 184, 203, 212, 214, 220, 221, 223, 240, 241, 248, 262, 275, 301, 311, 339, 344, 352, 355, 357, 381, 382, 403, 406, 408, 413, 420, 426, 433, 438, 444, 445, 451, 461, 490, 493];BP;nmc_144_0c003_1;0.004734573364257807;"{""id_arguments"": ""BP_61"", ""arguments"": {""max_iter"": 100, ""bp_method"": ""minimum_sum"", ""ms_scaling_factor"": 0.9}, ""decoder_type"": ""BP"", ""id_batch_arguments"": 61, ""id_automorphism"": 61}";0.11600000000000009;144;61
0.012984752655029297;BP_62;0.003;[19, 36, 37, 45, 47, 58, 63, 68, 70, 82, 85, 88, 93, 107, 116, 118, 135, 146, 150, 159, 161, 166, 170, 184, 203, 212, 214, 220, 221, 223, 240, 241, 248, 262, 275, 301, 311, 339, 344, 352, 355, 357, 381, 382, 403, 406, 408, 413, 420, 426, 433, 438, 444, 445, 451, 461, 490, 493];BP;nmc_144_0c003_1;0.004739130020141603;"{""id_arguments"": ""BP_62"", ""arguments"": {""max_iter"": 100, ""bp_method"": ""minimum_sum"", ""ms_scaling_factor"": 0.9}, ""decoder_type"": ""BP"", ""id_batch_arguments"": 62, ""id_automorphism"": 62}";0.11600000000000009;144;62
0.017663955688476562;BP_63;0.003;[19, 36, 37, 45, 47, 58, 63, 68, 70, 82, 85, 88, 93, 107, 116, 118, 135, 146, 150, 159, 161, 166, 170, 184, 203, 212, 214, 220, 221, 223, 240, 241, 248, 262, 275, 301, 311, 339, 344, 352, 355, 357, 381, 382, 403, 406, 408, 413, 420, 426, 433, 438, 444, 445, 451, 461, 490, 493];BP;nmc_144_0c003_1;0.004737320423126226;"{""id_arguments"": ""BP_63"", ""arguments"": {""max_iter"": 100, ""bp_method"": ""minimum_sum"", ""ms_scaling_factor"": 0.9}, ""decoder_type"": ""BP"", ""id_batch_arguments"": 63, ""id_automorphism"": 63}";0.11600000000000009;144;63
0.01680898666381836;BP_64;0.003;[19, 36, 37, 45, 47, 48, 58, 63, 68, 70, 82, 85, 88, 93, 107, 116, 118, 135, 146, 159, 161, 166, 170, 184, 203, 212, 214, 220, 221, 223, 241, 248, 262, 275, 301, 311, 339, 344, 352, 355, 357, 381, 382, 403, 406, 408, 413, 420, 426, 433, 438, 444, 445, 451, 461, 490, 493];BP;nmc_144_0c003_1;0.0047718858718872065;"{""id_arguments"": ""BP_64"", ""arguments"": {""max_iter"": 100, ""bp_method"": ""minimum_sum"", ""ms_scaling_factor"": 0.9}, ""decoder_type"": ""BP"", ""id_batch_arguments"": 64, ""id_automorphism"": 64}";0.11400000000000009;144;64
0.027347087860107422;BP_65;0.003;[19, 36, 37, 45, 47, 48, 58, 63, 68, 70, 82, 85, 88, 93, 107, 116, 118, 135, 146, 159, 161, 166, 170, 184, 203, 212, 214, 220, 221, 223, 241, 248, 262, 275, 301, 311, 339, 344, 352, 355, 357, 381, 382, 403, 406, 408, 413, 420, 426, 433, 438, 444, 445, 451, 461, 490, 493];BP;nmc_144_0c003_1;0.0049161128997802705;"{""id_arguments"": ""BP_65"", ""arguments"": {""max_iter"": 100, ""bp_method"": ""minimum_sum"", ""ms_scaling_factor"": 0.9}, ""decoder_type"": ""BP"", ""id_batch_arguments"": 65, ""id_automorphism"": 65}";0.11400000000000009;144;65
0.012953042984008789;BP_66;0.003;[19, 36, 37, 45, 47, 58, 63, 68, 70, 82, 85, 88, 93, 107, 116, 118, 135, 146, 150, 159, 161, 166, 170, 184, 203, 212, 214, 220, 221, 223, 240, 241, 248, 262, 275, 301, 311, 339, 344, 352, 355, 357, 381, 382, 403, 406, 408, 413, 420, 426, 433, 438, 444, 445, 451, 461, 490, 493];BP;nmc_144_0c003_1;0.00473700714111328;"{""id_arguments"": ""BP_66"", ""arguments"": {""max_iter"": 100, ""bp_method"": ""minimum_sum"", ""ms_scaling_factor"": 0.9}, ""decoder_type"": ""BP"", ""id_batch_arguments"": 66, ""id_automorphism"": 66}";0.11600000000000009;144;66
0.013013124465942383;BP_67;0.003;[19, 36, 37, 45, 47, 58, 63, 68, 70, 82, 85, 88, 93, 107, 116, 118, 135, 146, 150, 159, 161, 166, 170, 184, 203, 212, 214, 220, 221, 223, 240, 241, 248, 262, 275, 301, 311, 339, 344, 352, 355, 357, 381, 382, 403, 406, 408, 413, 420, 426, 433, 438, 444, 445, 451, 461, 490, 493];BP;nmc_144_0c003_1;0.004744131088256834;"{""id_arguments"": ""BP_67"", ""arguments"": {""max_iter"": 100, ""bp_method"": ""minimum_sum"", ""ms_scaling_factor"": 0.9}, ""decoder_type"": ""BP"", ""id_batch_arguments"": 67, ""id_automorphism"": 67}";0.11600000000000009;144;67
0.013404130935668945;BP_68;0.003;[19, 36, 37, 45, 47, 58, 63, 68, 70, 82, 85, 88, 93, 107, 116, 118, 135, 146, 150, 159, 161, 166, 170, 184, 203, 212, 214, 220, 221, 223, 240, 241, 248, 262, 275, 301, 311, 339, 344, 352, 355, 357, 381, 382, 403, 406, 408, 413, 420, 426, 433, 438, 444, 445, 451, 461, 490, 493];BP;nmc_144_0c003_1;0.004783102035522458;"{""id_arguments"": ""BP_68"", ""arguments"": {""max_iter"": 100, ""bp_method"": ""minimum_sum"", ""ms_scaling_factor"": 0.9}, ""decoder_type"": ""BP"", ""id_batch_arguments"": 68, ""id_automorphism"": 68}";0.11600000000000009;144;68
0.012948036193847656;BP_69;0.003;[19, 36, 37, 45, 47, 58, 63, 68, 70, 82, 85, 88, 93, 107, 116, 118, 135, 146, 150, 159, 161, 166, 170, 184, 203, 212, 214, 220, 221, 223, 241, 248, 262, 275, 301, 311, 339, 344, 352, 355, 357, 381, 382, 403, 406, 408, 413, 420, 426, 433, 438, 444, 445, 451, 461, 490, 493];BP;nmc_144_0c003_1;0.004744311332702639;"{""id_arguments"": ""BP_69"", ""arguments"": {""max_iter"": 100, ""bp_method"": ""minimum_sum"", ""ms_scaling_factor"": 0.9}, ""decoder_type"": ""BP"", ""id_batch_arguments"": 69, ""id_automorphism"": 69}";0.11400000000000009;144;69
0.013112068176269531;BP_7;0.003;[19, 36, 37, 45, 47, 58, 63, 68, 70, 82, 85, 88, 93, 107, 116, 118, 135, 146, 150, 159, 161, 166, 170, 184, 203, 212, 214, 220, 221, 223, 241, 248, 262, 275, 301, 311, 339, 344, 352, 355, 357, 381, 382, 403, 406, 408, 413, 420, 426, 433, 438, 444, 445, 451, 461, 490, 493];BP;nmc_144_0c003_1;0.004774349689483642;"{""id_arguments"": ""BP_7"", ""arguments"": {""max_iter"": 100, ""bp_method"": ""minimum_sum"", ""ms_scaling_factor"": 0.9}, ""decoder_type"": ""BP"", ""id_batch_arguments"": 7, ""id_automorphism"": 7}";0.11400000000000009;144;7
0.012967824935913086;BP_70;0.003;[19, 36, 37, 45, 47, 58, 63, 68, 70, 82, 85, 88, 93, 107, 116, 118, 135, 146, 159, 161, 166, 170, 184, 203, 212, 214, 220, 221, 223, 240, 241, 248, 262, 275, 301, 311, 339, 344, 352, 355, 357, 381, 382, 403, 406, 408, 413, 420, 426, 433, 438, 444, 445, 451, 461, 490, 493];BP;nmc_144_0c003_1;0.004728141784667969;"{""id_arguments"": ""BP_70"", ""arguments"": {""max_iter"": 100, ""bp_method"": ""minimum_sum"", ""ms_scaling_factor"": 0.9}, ""decoder_type"": ""BP"", ""id_batch_arguments"": 70, ""id_automorphism"": 70}";0.11400000000000009;144;70
0.012964010238647461;BP_71;0.003;[19, 36, 37, 45, 47, 58, 63, 68, 70, 82, 85, 88, 93, 107, 116, 118, 135, 146, 159, 161, 166, 170, 184, 203, 212, 214, 220, 221, 223, 240, 241, 248, 262, 275, 301, 311, 339, 344, 352, 355, 357, 381, 382, 403, 406, 408, 413, 420, 426, 433, 438, 444, 445, 451, 461, 490, 493];BP;nmc_144_0c003_1;0.004715060710906983;"{""id_arguments"": ""BP_71"", ""arguments"": {""max_iter"": 100, ""bp_method"": ""minimum_sum"", ""ms_scaling_factor"": 0.9}, ""decoder_type"": ""BP"", ""id_batch_arguments"": 71, ""id_automorphism"": 71}";0.11400000000000009;144;71
0.012959003448486328;BP_8;0.003;[19, 36, 37, 45, 47, 48, 58, 63, 68, 70, 82, 85, 88, 93, 107, 116, 118, 135, 146, 159, 161, 166, 170, 184, 203, 212, 214, 220, 221, 223, 240, 241, 248, 262, 275, 301, 311, 339, 344, 352, 355, 357, 381, 382, 403, 406, 408, 413, 420, 426, 433, 438, 444, 445, 451, 461, 490, 493];BP;nmc_144_0c003_1;0.004739849567413326;"{""id_arguments"": ""BP_8"", ""arguments"": {""max_iter"": 100, ""bp_method"": ""minimum_sum"", ""ms_scaling_factor"": 0.9}, ""decoder_type"": ""BP"", ""id_batch_arguments"": 8, ""id_automorphism"": 8}";0.11600000000000009;144;8
0.01289987564086914;BP_9;0.003;[19, 36, 37, 45, 47, 48, 58, 63, 68, 70, 82, 85, 88, 93, 107, 116, 118, 135, 146, 150, 159, 161, 166, 170, 184, 203, 212, 214, 220, 221, 223, 240, 241, 248, 262, 275, 301, 311, 339, 344, 352, 355, 357, 381, 382, 403, 406, 408, 413, 420, 426, 433, 438, 444, 445, 451, 461, 490, 493];BP;nmc_144_0c003_1;0.0047207055091857825;"{""id_arguments"": ""BP_9"", ""arguments"": {""max_iter"": 100, ""bp_method"": ""minimum_sum"", ""ms_scaling_factor"": 0.9}, ""decoder_type"": ""BP"", ""id_batch_arguments"": 9, ""id_automorphism"": 9}";0.11800000000000009;144;9
0.012865066528320312;BP_0;0.003;[2, 4, 5, 6, 18, 23, 54, 55, 60, 68, 69, 86, 89, 97, 101, 114, 122, 123, 127, 154, 155, 164, 169, 173, 183, 189, 192, 206, 207, 212, 213, 225, 229, 230, 237, 244, 251, 256, 259, 270, 298, 302, 303, 307, 323, 330, 337, 338, 348, 354, 356, 372, 390, 394, 422, 423, 429, 430, 434, 436, 441, 446, 459, 493];BP;nmc_144_0c003_2;0.004721301555633547;"{""id_arguments"": ""BP_0"", ""arguments"": {""max_iter"": 100, ""bp_method"": ""minimum_sum"", ""ms_scaling_factor"": 0.9}, ""decoder_type"": ""BP"", ""id_batch_arguments"": 0, ""id_automorphism"": 0}";0.12800000000000009;144;0
0.013124227523803711;BP_1;0.003;[2, 4, 5, 6, 18, 23, 24, 54, 55, 60, 68, 69, 86, 89, 97, 101, 114, 122, 123, 127, 154, 155, 164, 169, 173, 183, 189, 192, 206, 207, 212, 213, 225, 229, 230, 237, 244, 251, 256, 259, 270, 298, 302, 303, 307, 323, 330, 337, 338, 348, 354, 356, 372, 390, 394, 422, 423, 429, 430, 434, 436, 441, 446, 459, 493];BP;nmc_144_0c003_2;0.004793190956115721;"{""id_arguments"": ""BP_1"", ""arguments"": {""max_iter"": 100, ""bp_method"": ""minimum_sum"", ""ms_scaling_factor"": 0.9}, ""decoder_type"": ""BP"", ""id_batch_arguments"": 1, ""id_automorphism"": 1}";0.1300000000000001;144;1
0.012933015823364258;BP_10;0.003;[2, 4, 5, 6, 18, 23, 24, 54, 55, 60, 68, 69, 86, 89, 97, 101, 114, 122, 123, 127, 154, 155, 164, 169, 173, 183, 189, 192, 206, 207, 212, 213, 225, 229, 230, 237, 244, 251, 256, 259, 270, 298, 302, 303, 307, 323, 330, 337, 338, 348, 354, 356, 372, 390, 394, 422, 423, 429, 430, 434, 436, 441, 446, 459, 493];BP;nmc_144_0c003_2;0.004773865699768066;"{""id_arguments"": ""BP_10"", ""arguments"": {""max_iter"": 100, ""bp_method"": ""minimum_sum"", ""ms_scaling_factor"": 0.9}, ""decoder_type"": ""BP"", ""id_batch_arguments"": 10, ""id_automorphism"": 10}";0.1300000000000001;144;10
0.013023853302001953;BP_11;0.003;[2, 4, 5, 6, 18, 23, 24, 54, 55, 60, 68, 69, 86, 89, 97, 101, 114, 122, 123, 127, 154, 155, 164, 169, 173, 183, 189, 192, 206, 207, 212, 213, 225, 229, 230, 237, 244, 251, 256, 259, 270, 298, 302, 303, 307, 323, 330, 337, 338, 348, 354, 356, 372, 390, 394, 422, 423, 429, 430, 434, 436, 441, 446, 459, 493];BP;nmc_144_0c003_2;0.00476500177383423;"{""id_arguments"": ""BP_11"", ""arguments"": {""max_iter"": 100, ""bp_method"": ""minimum_sum"", ""ms_scaling_factor"": 0.9}, ""decoder_type"": ""BP"", ""id_batch_arguments"": 11, ""id_automorphism"": 11}";0.1300000000000001;144;11
0.012855052947998047;BP_12;0.003;[2, 4, 5, 6, 18, 23, 54, 55, 60, 68, 69, 86, 89, 97, 101, 114, 122, 123, 127, 154, 155, 164, 169, 173, 183, 189, 192, 206, 207, 212, 213, 225, 229, 230, 237, 244, 251, 256, 259, 270, 298, 302, 303, 307, 323, 330, 337, 338, 348, 354, 356, 369, 372, 390, 394, 422, 423, 429, 430, 434, 436, 441, 446, 459, 493];BP;nmc_144_0c003_2;0.00475929069519043;"{""id_arguments"": ""BP_12"", ""arguments"": {""max_iter"": 100, ""bp_method"": ""minimum_sum"", ""ms_scaling_factor"": 0.9}, ""decoder_type"": ""BP"", ""id_batch_arguments"": 12, ""id_automorphism"": 12}";0.1300000000000001;144;12
0.02394580841064453;BP_13;0.003;[2, 4, 5, 6, 18, 23, 24, 54, 55, 60, 68, 69, 86, 89, 97, 101, 114, 122, 123, 127, 154, 155, 164, 169, 173, 183, 189, 192, 206, 207, 212, 213, 225, 229, 230, 237, 244, 251, 256, 259, 270, 298, 302, 303, 307, 323, 330, 337, 338, 348, 354, 356, 372, 390, 394, 422, 423, 429, 430, 434, 436, 441, 446, 459, 493];BP;nmc_144_0c003_2;0.004955627918243409;"{""id_arguments"": ""BP_13"", ""arguments"": {""max_iter"": 100, ""bp_method"": ""minimum_sum"", ""ms_scaling_factor"": 0.9}, ""decoder_type"": ""BP"", ""id_batch_arguments"": 13, ""id_automorphism"": 13}";0.1300000000000001;144;13
0.013026952743530273;BP_14;0.003;[2, 4, 5, 6, 18, 23, 54, 55, 60, 68, 69, 86, 89, 97, 101, 114, 122, 123, 127, 154, 155, 164, 169, 173, 183, 189, 192, 206, 207, 212, 213, 225, 229, 230, 237, 244, 251, 256, 259, 270, 298, 302, 303, 307, 323, 330, 337, 338, 348, 354, 356, 372, 390, 394, 422, 423, 429, 430, 434, 436, 441, 446, 459, 493];BP;nmc_144_0c003_2;0.004779275894165038;"{""id_arguments"": ""BP_14"", ""arguments"": {""max_iter"": 100, ""bp_method"": ""minimum_sum"", ""ms_scaling_factor"": 0.9}, ""decoder_type"": ""BP"", ""id_batch_arguments"": 14, ""id_automorphism"": 14}";0.12800000000000009;144;14
0.020524024963378906;BP_15;0.003;[2, 4, 5, 6, 18, 23, 54, 55, 60, 68, 69, 86, 89, 97, 101, 114, 122, 123, 127, 154, 155, 164, 169, 173, 183, 189, 192, 206, 207, 212, 213, 225, 229, 230, 237, 244, 251, 256, 259, 270, 298, 302, 303, 307, 323, 330, 337, 338, 348, 354, 356, 372, 390, 394, 422, 423, 429, 430, 434, 436, 441, 446, 459, 493];BP;nmc_144_0c003_2;0.004745035648345949;"{""id_arguments"": ""BP_15"", ""arguments"": {""max_iter"": 100, ""bp_method"": ""minimum_sum"", ""ms_scaling_factor"": 0.9}, ""decoder_type"": ""BP"", ""id_batch_arguments"": 15, ""id_automorphism"": 15}";0.12800000000000009;144;15
0.01534271240234375;BP_16;0.003;[2, 4, 5, 6, 18, 23, 54, 55, 60, 68, 69, 86, 89, 97, 101, 114, 122, 123, 127, 154, 155, 164, 169, 173, 183, 189, 192, 206, 207, 212, 213, 225, 229, 230, 237, 244, 251, 256, 259, 270, 298, 302, 303, 307, 323, 330, 337, 338, 348, 354, 356, 372, 390, 394, 422, 423, 429, 430, 434, 436, 441, 446, 459, 493];BP;nmc_144_0c003_2;0.004865178108215332;"{""id_arguments"": ""BP_16"", ""arguments"": {""max_iter"": 100, ""bp_method"": ""minimum_sum"", ""ms_scaling_factor"": 0.9}, ""decoder_type"": ""BP"", ""id_batch_arguments"": 16, ""id_automorphism"": 16}";0.12800000000000009;144;16
0.012988090515136719;BP_17;0.003;[2, 4, 5, 6, 18, 23, 54, 55, 60, 68, 69, 86, 89, 97, 101, 114, 122, 123, 127, 154, 155, 164, 169, 173, 183, 189, 192, 206, 207, 212, 213, 225, 229, 230, 237, 244, 251, 256, 259, 270, 298, 302, 303, 307, 323, 330, 337, 338, 348, 354, 356, 372, 390, 394, 422, 423, 429, 430, 434, 436, 441, 446, 459, 493];BP;nmc_144_0c003_2;0.00477137327194214;"{""id_arguments"": ""BP_17"", ""arguments"": {""max_iter"": 100, ""bp_method"": ""minimum_sum"", ""ms_scaling_factor"": 0.9}, ""decoder_type"": ""BP"", ""id_batch_arguments"": 17, ""id_automorphism"": 17}";0.12800000000000009;144;17
0.012925148010253906;BP_18;0.003;[2, 4, 5, 6, 18, 23, 24, 54, 55, 60, 68, 69, 86, 89, 97, 101, 114, 122, 123, 127, 154, 155, 164, 169, 173, 183, 189, 192, 206, 207, 212, 213, 225, 229, 230, 237, 244, 251, 256, 259, 270, 298, 302, 303, 307, 323, 330, 337, 338, 348, 354, 356, 372, 390, 394, 422, 423, 429, 430, 434, 436, 441, 446, 459, 493];BP;nmc_144_0c003_2;0.00475396203994751;"{""id_arguments"": ""BP_18"", ""arguments"": {""max_iter"": 100, ""bp_method"": ""minimum_sum"", ""ms_scaling_factor"": 0.9}, ""decoder_type"": ""BP"", ""id_batch_arguments"": 18, ""id_automorphism"": 18}";0.1300000000000001;144;18
0.016746997833251953;BP_19;0.003;[2, 4, 5, 6, 18, 23, 54, 55, 60, 68, 69, 86, 89, 97, 101, 114, 122, 123, 127, 154, 155, 164, 169, 173, 183, 189, 192, 206, 207, 212, 213, 225, 229, 230, 237, 244, 251, 256, 259, 270, 298, 302, 303, 307, 323, 330, 337, 338, 348, 354, 356, 372, 390, 394, 422, 423, 429, 430, 434, 436, 441, 446, 459, 493];BP;nmc_144_0c003_2;0.004783072471618652;"{""id_arguments"": ""BP_19"", ""arguments"": {""max_iter"": 100, ""bp_method"": ""minimum_sum"", ""ms_scaling_factor"": 0.9}, ""decoder_type"": ""BP"", ""id_batch_arguments"": 19, ""id_automorphism"": 19}";0.12800000000000009;144;19
0.016599178314208984;BP_2;0.003;[2, 4, 5, 6, 18, 23, 54, 55, 60, 68, 69, 86, 89, 97, 101, 114, 122, 123, 127, 154, 155, 164, 169, 173, 183, 189, 192, 206, 207, 212, 213, 225, 229, 230, 237, 244, 251, 256, 259, 270, 298, 302, 303, 307, 323, 330, 337, 338, 348, 354, 356, 369, 372, 390, 394, 422, 423, 429, 430, 434, 436, 441, 446, 459, 493];BP;nmc_144_0c003_2;0.004833980560302735;"{""id_arguments"": ""BP_2"", ""arguments"": {""max_iter"": 100, ""bp_method"": ""minimum_sum"", ""ms_scaling_factor"": 0.9}, ""decoder_type"": ""BP"", ""id_batch_arguments"": 2, ""id_automorphism"": 2}";0.1300000000000001;144;2
0.022582054138183594;BP_20;0.003;[2, 4, 5, 6, 18, 23, 54, 55, 60, 68, 69, 86, 89, 97, 101, 114, 122, 123, 127, 154, 155, 164, 169, 173, 183, 189, 192, 206, 207, 212, 213, 225, 229, 230, 237, 244, 251, 256, 259, 270, 298, 302, 303, 307, 323, 330, 337, 338, 348, 354, 356, 369, 372, 390, 394, 422, 423, 429, 430, 434, 436, 441, 446, 459, 493];BP;nmc_144_0c003_2;0.0048612790107727035;"{""id_arguments"": ""BP_20"", ""arguments"": {""max_iter"": 100, ""bp_method"": ""minimum_sum"", ""ms_scaling_factor"": 0.9}, ""decoder_type"": ""BP"", ""id_batch_arguments"": 20, ""id_automorphism"": 20}";0.1300000000000001;144;20
0.013828039169311523;BP_21;0.003;[2, 4, 5, 6, 18, 23, 24, 54, 55, 60, 68, 69, 86, 89, 97, 101, 114, 122, 123, 127, 154, 155, 164, 169, 173, 183, 189, 192, 206, 207, 212, 213, 225, 229, 230, 237, 244, 251, 256, 259, 270, 298, 302, 303, 307, 323, 330, 337, 338, 348, 354, 356, 369, 372, 390, 394, 422, 423, 429, 430, 434, 436, 441, 446, 459, 493];BP;nmc_144_0c003_2;0.004764851093292238;"{""id_arguments"": ""BP_21"", ""arguments"": {""max_iter"": 100, ""bp_method"": ""minimum_sum"", ""ms_scaling_factor"": 0.9}, ""decoder_type"": ""BP"", ""id_batch_arguments"": 21, ""id_automorphism"": 21}";0.1320000000000001;144;21
0.013391733169555664;BP_22;0.003;[2, 4, 5, 6, 18, 23, 54, 55, 60, 68, 69, 86, 89, 97, 101, 114, 122, 123, 127, 154, 155, 164, 169, 173, 183, 189, 192, 206, 207, 212, 213, 225, 229, 230, 237, 244, 251, 256, 259, 270, 298, 302, 303, 307, 323, 330, 337, 338, 348, 354, 356, 372, 390, 394, 422, 423, 429, 430, 434, 436, 441, 446, 459, 493];BP;nmc_144_0c003_2;0.0047620749473571795;"{""id_arguments"": ""BP_22"", ""arguments"": {""max_iter"": 100, ""bp_method"": ""minimum_sum"", ""ms_scaling_factor"": 0.9}, ""decoder_type"": ""BP"", ""id_batch_arguments"": 22, ""id_automorphism"": 22}";0.12800000000000009;144;22
0.014537811279296875;BP_23;0.003;[2, 4, 5, 6, 18, 23, 54, 55, 60, 68, 69, 86, 89, 97, 101, 114, 122, 123, 127, 154, 155, 164, 169, 173, 183, 189, 192, 206, 207, 212, 213, 225, 229, 230, 237, 244, 251, 256, 259, 270, 298, 302, 303, 307, 323, 330, 337, 338, 348, 354, 356, 369, 372, 390, 394, 422, 423, 429, 430, 434, 436, 441, 446, 459, 493];BP;nmc_144_0c003_2;0.0048129968643188465;"{""id_arguments"": ""BP_23"", ""arguments"": {""max_iter"": 100, ""bp_method"": ""minimum_sum"", ""ms_scaling_factor"": 0.9}, ""decoder_type"": ""BP"", ""id_batch_arguments"": 23, ""id_automorphism"": 23}";0.1300000000000001;144;23
0.013168811798095703;BP_24;0.003;[2, 4, 5, 6, 18, 23, 24, 54, 55, 60, 68, 69, 86, 89, 97, 101, 114, 122, 123, 127, 154, 155, 164, 169, 173, 183, 189, 192, 206, 207, 212, 213, 225, 229, 230, 237, 244, 251, 256, 259, 270, 298, 302, 303, 307, 323, 330, 337, 338, 348, 354, 356, 372, 390, 394, 422, 423, 429, 430, 434, 436, 441, 446, 459, 493];BP;nmc_144_0c003_2;0.00476208591461182;"{""id_arguments"": ""BP_24"", ""arguments"": {""max_iter"": 100, ""bp_method"": ""minimum_sum"", ""ms_scaling_factor"": 0.9}, ""decoder_type"": ""BP"", ""id_batch_arguments"": 24, ""id_automorphism"": 24}";0.1300000000000001;144;24
0.01302790641784668;BP_25;0.003;[2, 4, 5, 6, 18, 23, 54, 55, 60, 68, 69, 86, 89, 97, 101, 114, 122, 123, 127, 154, 155, 164, 169, 173, 183, 189, 192, 206, 207, 212, 213, 225, 229, 230, 237, 244, 251, 256, 259, 270, 298, 302, 303, 307, 323, 330, 337, 338, 348, 354, 356, 372, 390, 394, 422, 423, 429, 430, 434, 436, 441, 446, 459, 493];BP;nmc_144_0c003_2;0.004776480674743655;"{""id_arguments"": ""BP_25"", ""arguments"": {""max_iter"": 100, ""bp_method"": ""minimum_sum"", ""ms_scaling_factor"": 0.9}, ""decoder_type"": ""BP"", ""id_batch_arguments"": 25, ""id_automorphism"": 25}";0.12800000000000009;144;25
0.013551950454711914;BP_26;0.003;[2, 4, 5, 6, 18, 23, 54, 55, 60, 68, 69, 86, 89, 97, 101, 114, 122, 123, 127, 154, 155, 164, 169, 173, 183, 189, 192, 206, 207, 212, 213, 225, 229, 230, 237, 244, 251, 256, 259, 270, 298, 302, 303, 307, 323, 330, 337, 338, 348, 354, 356, 372, 390, 394, 422, 423, 429, 430, 434, 436, 441, 446, 459, 493];BP;nmc_144_0c003_2;0.004802441120147709;"{""id_arguments"": ""BP_26"", ""arguments"": {""max_iter"": 100, ""bp_method"": ""minimum_sum"", ""ms_scaling_factor"": 0.9}, ""decoder_type"": ""BP"", ""id_batch_arguments"": 26, ""id_automorphism"": 26}";0.12800000000000009;144;26
0.013108015060424805;BP_27;0.003;[2, 4, 5, 6, 18, 23, 54, 55, 60, 68, 69, 86, 89, 97, 101, 114, 122, 123, 127, 154, 155, 164, 169, 173, 183, 189, 192, 206, 207, 212, 213, 225, 229, 230, 237, 244, 251, 256, 259, 270, 298, 302, 303, 307, 323, 330, 337, 338, 348, 354, 356, 372, 390, 394, 422, 423, 429, 430, 434, 436, 441, 446, 459, 493];BP;nmc_144_0c003_2;0.004803580760955806;"{""id_arguments"": ""BP_27"", ""arguments"": {""max_iter"": 100, ""bp_method"": ""minimum_sum"", ""ms_scaling_factor"": 0.9}, ""decoder_type"": ""BP"", ""id_batch_arguments"": 27, ""id_automorphism"": 27}";0.12800000000000009;144;27
0.0131378173828125;BP_28;0.003;[2, 4, 5, 6, 18, 23, 54, 55, 60, 68, 69, 86, 89, 97, 101, 114, 122, 123, 127, 154, 155, 164, 169, 173, 183, 189, 192, 206, 207, 212, 213, 225, 229, 230, 237, 244, 251, 256, 259, 270, 298, 302, 303, 307, 323, 330, 337, 338, 348, 354, 356, 372, 390, 394, 422, 423, 429, 430, 434, 436, 441, 446, 459, 493];BP;nmc_144_0c003_2;0.004801002502441405;"{""id_arguments"": ""BP_28"", ""arguments"": {""max_iter"": 100, ""bp_method"": ""minimum_sum"", ""ms_scaling_factor"": 0.9}, ""decoder_type"": ""BP"", ""id_batch_arguments"": 28, ""id_automorphism"": 28}";0.12800000000000009;144;28
0.018037080764770508;BP_29;0.003;[2, 4, 5, 6, 18, 23, 54, 55, 60, 68, 69, 86, 89, 97, 101, 114, 122, 123, 127, 154, 155, 164, 169, 173, 183, 189, 192, 206, 207, 212, 213, 225, 229, 230, 237, 244, 251, 256, 259, 270, 298, 302, 303, 307, 323, 330, 337, 338, 348, 354, 356, 372, 390, 394, 422, 423, 429, 430, 434, 436, 441, 446, 459, 493];BP;nmc_144_0c003_2;0.004787470817565919;"{""id_arguments"": ""BP_29"", ""arguments"": {""max_iter"": 100, ""bp_method"": ""minimum_sum"", ""ms_scaling_factor"": 0.9}, ""decoder_type"": ""BP"", ""id_batch_arguments"": 29, ""id_automorphism"": 29}";0.12800000000000009;144;29
0.014011859893798828;BP_3;0.003;[2, 4, 5, 6, 18, 23, 54, 55, 60, 68, 69, 86, 89, 97, 101, 114, 122, 123, 127, 154, 155, 164, 169, 173, 189, 192, 206, 207, 212, 213, 225, 229, 230, 237, 244, 251, 256, 259, 270, 298, 302, 303, 307, 323, 330, 337, 338, 348, 354, 356, 372, 390, 394, 422, 423, 429, 430, 434, 436, 441, 446, 459, 493];BP;nmc_144_0c003_2;0.004781222820281984;"{""id_arguments"": ""BP_3"", ""arguments"": {""max_iter"": 100, ""bp_method"": ""minimum_sum"", ""ms_scaling_factor"": 0.9}, ""decoder_type"": ""BP"", ""id_batch_arguments"": 3, ""id_automorphism"": 3}";0.12600000000000008;144;3
0.013054132461547852;BP_30;0.003;[2, 4, 5, 6, 18, 23, 54, 55, 60, 68, 69, 86, 89, 97, 101, 114, 122, 123, 127, 154, 155, 164, 169, 173, 183, 189, 192, 206, 207, 212, 213, 225, 229, 230, 237, 244, 251, 256, 259, 270, 298, 302, 303, 307, 323, 330, 337, 338, 348, 354, 356, 372, 390, 394, 422, 423, 429, 430, 434, 436, 441, 446, 459, 493];BP;nmc_144_0c003_2;0.004784323215484622;"{""id_arguments"": ""BP_30"", ""arguments"": {""max_iter"": 100, ""bp_method"": ""minimum_sum"", ""ms_scaling_factor"": 0.9}, ""decoder_type"": ""BP"", ""id_batch_arguments"": 30, ""id_automorphism"": 30}";0.12800000000000009;144;30
0.014271974563598633;BP_31;0.003;[2, 4, 5, 6, 18, 23, 54, 55, 60, 68, 69, 86, 89, 97, 101, 114, 122, 123, 127, 154, 155, 164, 169, 173, 183, 189, 192, 206, 207, 212, 213, 225, 229, 230, 237, 244, 251, 256, 259, 270, 298, 302, 303, 307, 323, 330, 337, 338, 348, 354, 356, 369, 372, 390, 394, 422, 423, 429, 430, 434, 436, 441, 446, 459, 493];BP;nmc_144_0c003_2;0.004806221008300783;"{""id_arguments"": ""BP_31"", ""arguments"": {""max_iter"": 100, ""bp_method"": ""minimum_sum"", ""ms_scaling_factor"": 0.9}, ""decoder_type"": ""BP"", ""id_batch_arguments"": 31, ""id_automorphism"": 31}";0.1300000000000001;144;31
0.013046026229858398;BP_32;0.003;[2, 4, 5, 6, 18, 23, 54, 55, 60, 68, 69, 86, 89, 97, 101, 114, 122, 123, 127, 154, 155, 164, 169, 173, 183, 189, 192, 206, 207, 212, 213, 225, 229, 230, 237, 244, 251, 256, 259, 270, 298, 302, 303, 307, 323, 330, 337, 338, 348, 354, 356, 369, 372, 390, 394, 422, 423, 429, 430, 434, 436, 441, 446, 459, 493];BP;nmc_144_0c003_2;0.004798842906951902;"{""id_arguments"": ""BP_32"", ""arguments"": {""max_iter"": 100, ""bp_method"": ""minimum_sum"", ""ms_scaling_factor"": 0.9}, ""decoder_type"": ""BP"", ""id_batch_arguments"": 32, ""id_automorphism"": 32}";0.1300000000000001;144;32
0.012922048568725586;BP_33;0.003;[2, 4, 5, 6, 18, 23, 54, 55, 60, 68, 69, 86, 89, 97, 101, 114, 122, 123, 127, 154, 155, 164, 169, 173, 183, 189, 192, 206, 207, 212, 213, 225, 229, 230, 237, 244, 251, 256, 259, 270, 298, 302, 303, 307, 323, 330, 337, 338, 348, 354, 356, 369, 372, 390, 394, 422, 423, 429, 430, 434, 436, 441, 446, 459, 493];BP;nmc_144_0c003_2;0.004752812862396244;"{""id_arguments"": ""BP_33"", ""arguments"": {""max_iter"": 100, ""bp_method"": ""minimum_sum"", ""ms_scaling_factor"": 0.9}, ""decoder_type"": ""BP"", ""id_batch_arguments"": 33, ""id_automorphism"": 33}";0.1300000000000001;144;33
0.012944221496582031;BP_34;0.003;[2, 4, 5, 6, 18, 23, 24, 54, 55, 60, 68, 69, 86, 89, 97, 101, 114, 122, 123, 127, 154, 155, 164, 169, 173, 183, 189, 192, 206, 207, 212, 213, 225, 229, 230, 237, 244, 251, 256, 259, 270, 298, 302, 303, 307, 323, 330, 337, 338, 348, 354, 356, 372, 390, 394, 422, 423, 429, 430, 434, 436, 441, 446, 459, 493];BP;nmc_144_0c003_2;0.004773270606994628;"{""id_arguments"": ""BP_34"", ""arguments"": {""max_iter"": 100, ""bp_method"": ""minimum_sum"", ""ms_scaling_factor"": 0.9}, ""decoder_type"": ""BP"", ""id_batch_arguments"": 34, ""id_automorphism"": 34}";0.1300000000000001;144;34
0.013068914413452148;BP_35;0.003;[2, 4, 5, 6, 18, 23, 54, 55, 60, 68, 69, 86, 89, 97, 101, 114, 122, 123, 127, 154, 155, 164, 169, 173, 183, 189, 192, 206, 207, 212, 213, 225, 229, 230, 237, 244, 251, 256, 259, 270, 298, 302, 303, 307, 323, 330, 337, 338, 348, 354, 356, 372, 390, 394, 422, 423, 429, 430, 434, 436, 441, 446, 459, 493];BP;nmc_144_0c003_2;0.00478030014038086;"{""id_arguments"": ""BP_35"", ""arguments"": {""max_iter"": 100, ""bp_method"": ""minimum_sum"", ""ms_scaling_factor"": 0.9}, ""decoder_type"": ""BP"", ""id_batch_arguments"": 35, ""id_automorphism"": 35}";0.12800000000000009;144;35
0.01301884651184082;BP_36;0.003;[2, 4, 5, 6, 18, 23, 54, 55, 60, 68, 69, 86, 89, 97, 101, 114, 122, 123, 127, 154, 155, 164, 169, 173, 183, 189, 192, 206, 207, 212, 213, 225, 229, 230, 237, 244, 251, 256, 259, 270, 298, 302, 303, 307, 323, 330, 337, 338, 348, 354, 356, 372, 390, 394, 422, 423, 429, 430, 434, 436, 441, 446, 459, 493];BP;nmc_144_0c003_2;0.004783977031707763;"{""id_arguments"": ""BP_36"", ""arguments"": {""max_iter"": 100, ""bp_method"": ""minimum_sum"", ""ms_scaling_factor"": 0.9}, ""decoder_type"": ""BP"", ""id_batch_arguments"": 36, ""id_automorphism"": 36}";0.12800000000000009;144;36
0.020506858825683594;BP_37;0.003;[2, 4, 5, 6, 18, 23, 54, 55, 60, 68, 69, 86, 89, 97, 101, 114, 122, 123, 127, 154, 155, 164, 169, 173, 183, 189, 192, 206, 207, 212, 213, 225, 229, 230, 237, 244, 251, 256, 259, 270, 298, 302, 303, 307, 323, 330, 337, 338, 348, 354, 356, 372, 390, 394, 422, 423, 429, 430, 434, 436, 441, 446, 459, 493];BP;nmc_144_0c003_2;0.004985905170440667;"{""id_arguments"": ""BP_37"", ""arguments"": {""max_iter"": 100, ""bp_method"": ""minimum_sum"", ""ms_scaling_factor"": 0.9}, ""decoder_type"": ""BP"", ""id_batch_arguments"": 37, ""id_automorphism"": 37}";0.12800000000000009;144;37
0.01500701904296875;BP_38;0.003;[2, 4, 5, 6, 18, 23, 54, 55, 60, 68, 69, 86, 89, 97, 101, 114, 122, 123, 127, 154, 155, 164, 169, 173, 183, 189, 192, 206, 207, 212, 213, 225, 229, 230, 237, 244, 251, 256, 259, 270, 298, 302, 303, 307, 323, 330, 337, 338, 348, 354, 356, 369, 372, 390, 394, 422, 423, 429, 430, 434, 436, 441, 446, 459, 493];BP;nmc_144_0c003_2;0.0048263950347900405;"{""id_arguments"": ""BP_38"", ""arguments"": {""max_iter"": 100, ""bp_method"": ""minimum_sum"", ""ms_scaling_factor"": 0.9}, ""decoder_type"": ""BP"", ""id_batch_arguments"": 38, ""id_automorphism"": 38}";0.1300000000000001;144;38
0.019704103469848633;BP_39;0.003;[2, 4, 5, 6, 18, 23, 24, 54, 55, 60, 68, 69, 86, 89, 97, 101, 114, 122, 123, 127, 154, 155, 164, 169, 173, 189, 192, 206, 207, 212, 213, 225, 229, 230, 237, 244, 251, 256, 259, 270, 298, 302, 303, 307, 323, 330, 337, 338, 348, 354, 356, 372, 390, 394, 422, 423, 429, 430, 434, 436, 441, 446, 459, 493];BP;nmc_144_0c003_2;0.004810698032379155;"{""id_arguments"": ""BP_39"", ""arguments"": {""max_iter"": 100, ""bp_method"": ""minimum_sum"", ""ms_scaling_factor"": 0.9}, ""decoder_type"": ""BP"", ""id_batch_arguments"": 39, ""id_automorphism"": 39}";0.12800000000000009;144;39
0.013487815856933594;BP_4;0.003;[2, 4, 5, 6, 18, 23, 54, 55, 60, 68, 69, 86, 89, 97, 101, 114, 122, 123, 127, 154, 155, 164, 169, 173, 183, 189, 192, 206, 207, 212, 213, 225, 229, 230, 237, 244, 251, 256, 259, 270, 298, 302, 303, 307, 323, 330, 337, 338, 348, 354, 356, 372, 390, 394, 422, 423, 429, 430, 434, 436, 441, 446, 459, 493];BP;nmc_144_0c003_2;0.004748096942901614;"{""id_arguments"": ""BP_4"", ""arguments"": {""max_iter"": 100, ""bp_method"": ""minimum_sum"", ""ms_scaling_factor"": 0.9}, ""decoder_type"": ""BP"", ""id_batch_arguments"": 4, ""id_automorphism"": 4}";0.12800000000000009;144;4
0.01341700553894043;BP_40;0.003;[2, 4, 5, 6, 18, 23, 24, 54, 55, 60, 68, 69, 86, 89, 97, 101, 114, 122, 123, 127, 154, 155, 164, 169, 173, 183, 189, 192, 206, 207, 212, 213, 225, 229, 230, 237, 244, 251, 256, 259, 270, 298, 302, 303, 307, 323, 330, 337, 338, 348, 354, 356, 372, 390, 394, 422, 423, 429, 430, 434, 436, 441, 446, 459, 493];BP;nmc_144_0c003_2;0.004743287086486814;"{""id_arguments"": ""BP_40"", ""arguments"": {""max_iter"": 100, ""bp_method"": ""minimum_sum"", ""ms_scaling_factor"": 0.9}, ""decoder_type"": ""BP"", ""id_batch_arguments"": 40, ""id_automorphism"": 40}";0.1300000000000001;144;40
0.01294708251953125;BP_41;0.003;[2, 4, 5, 6, 18, 23, 24, 54, 55, 60, 68, 69, 86, 89, 97, 101, 114, 122, 123, 127, 154, 155, 164, 169, 173, 183, 189, 192, 206, 207, 212, 213, 225, 229, 230, 237, 244, 251, 256, 259, 270, 298, 302, 303, 307, 323, 330, 337, 338, 348, 354, 356, 372, 390, 394, 422, 423, 429, 430, 434, 436, 441, 446, 459, 493];BP;nmc_144_0c003_2;0.004768819332122804;"{""id_arguments"": ""BP_41"", ""arguments"": {""max_iter"": 100, ""bp_method"": ""minimum_sum"", ""ms_scaling_factor"": 0.9}, ""decoder_type"": ""BP"", ""id_batch_arguments"": 41, ""id_automorphism"": 41}";0.1300000000000001;144;41
0.014588356018066406;BP_42;0.003;[2, 4, 5, 6, 18, 23, 24, 54, 55, 60, 68, 69, 86, 89, 97, 101, 114, 122, 123, 127, 154, 155, 164, 169, 173, 183, 189, 192, 206, 207, 212, 213, 225, 229, 230, 237, 244, 251, 256, 259, 270, 298, 302, 303, 307, 323, 330, 337, 338, 348, 354, 356, 372, 390, 394, 422, 423, 429, 430, 434, 436, 441, 446, 459, 493];BP;nmc_144_0c003_2;0.004829585075378417;"{""id_arguments"": ""BP_42"", ""arguments"": {""max_iter"": 100, ""bp_method"": ""minimum_sum"", ""ms_scaling_factor"": 0.9}, ""decoder_type"": ""BP"", ""id_batch_arguments"": 42, ""id_automorphism"": 42}";0.1300000000000001;144;42
0.01784992218017578;BP_43;0.003;[2, 4, 5, 6, 18, 23, 54, 55, 60, 68, 69, 86, 89, 97, 101, 114, 122, 123, 127, 154, 155, 164, 169, 173, 183, 189, 192, 206, 207, 212, 213, 225, 229, 230, 237, 244, 251, 256, 259, 270, 298, 302, 303, 307, 323, 330, 337, 338, 348, 354, 356, 372, 390, 394, 422, 423, 429, 430, 434, 436, 441, 446, 459, 493];BP;nmc_144_0c003_2;0.004765633106231692;"{""id_arguments"": ""BP_43"", ""arguments"": {""max_iter"": 100, ""bp_method"": ""minimum_sum"", ""ms_scaling_factor"": 0.9}, ""decoder_type"": ""BP"", ""id_batch_arguments"": 43, ""id_automorphism"": 43}";0.12800000000000009;144;43
0.016305208206176758;BP_44;0.003;[2, 4, 5, 6, 18, 23, 24, 54, 55, 60, 68, 69, 86, 89, 97, 101, 114, 122, 123, 127, 154, 155, 164, 169, 173, 183, 189, 192, 206, 207, 212, 213, 225, 229, 230, 237, 244, 251, 256, 259, 270, 298, 302, 303, 307, 323, 330, 337, 338, 348, 354, 356, 372, 390, 394, 422, 423, 429, 430, 434, 436, 441, 446, 459, 493];BP;nmc_144_0c003_2;0.004829196453094483;"{""id_arguments"": ""BP_44"", ""arguments"": {""max_iter"": 100, ""bp_method"": ""minimum_sum"", ""ms_scaling_factor"": 0.9}, ""decoder_type"": ""BP"", ""id_batch_arguments"": 44, ""id_automorphism"": 44}";0.1300000000000001;144;44
0.018009185791015625;BP_45;0.003;[2, 4, 5, 6, 18, 23, 54, 55, 60, 68, 69, 86, 89, 97, 101, 114, 122, 123, 127, 154, 155, 164, 169, 173, 183, 189, 192, 206, 207, 212, 213, 225, 229, 230, 237, 244, 251, 256, 259, 270, 298, 302, 303, 307, 323, 330, 337, 338, 348, 354, 356, 369, 372, 390, 394, 422, 423, 429, 430, 434, 436, 441, 446, 459, 493];BP;nmc_144_0c003_2;0.004787080287933352;"{""id_arguments"": ""BP_45"", ""arguments"": {""max_iter"": 100, ""bp_method"": ""minimum_sum"", ""ms_scaling_factor"": 0.9}, ""decoder_type"": ""BP"", ""id_batch_arguments"": 45, ""id_automorphism"": 45}";0.1300000000000001;144;45
0.013115882873535156;BP_46;0.003;[2, 4, 5, 6, 18, 23, 54, 55, 60, 68, 69, 86, 89, 97, 101, 114, 122, 123, 127, 154, 155, 164, 169, 173, 183, 189, 192, 206, 207, 212, 213, 225, 229, 230, 237, 244, 251, 256, 259, 270, 298, 302, 303, 307, 323, 330, 337, 338, 348, 354, 356, 372, 390, 394, 422, 423, 429, 430, 434, 436, 441, 446, 459, 493];BP;nmc_144_0c003_2;0.004743861198425291;"{""id_arguments"": ""BP_46"", ""arguments"": {""max_iter"": 100, ""bp_method"": ""minimum_sum"", ""ms_scaling_factor"": 0.9}, ""decoder_type"": ""BP"", ""id_batch_arguments"": 46, ""id_automorphism"": 46}";0.12800000000000009;144;46
0.013083934783935547;BP_47;0.003;[2, 4, 5, 6, 18, 23, 24, 54, 55, 60, 68, 69, 86, 89, 97, 101, 114, 122, 123, 127, 154, 155, 164, 169, 173, 183, 189, 192, 206, 207, 212, 213, 225, 229, 230, 237, 244, 251, 256, 259, 270, 298, 302, 303, 307, 323, 330, 337, 338, 348, 354, 356, 369, 372, 390, 394, 422, 423, 429, 430, 434, 436, 441, 446, 459, 493];BP;nmc_144_0c003_2;0.004764551162719727;"{""id_arguments"": ""BP_47"", ""arguments"": {""max_iter"": 100, ""bp_method"": ""minimum_sum"", ""ms_scaling_factor"": 0.9}, ""decoder_type"": ""BP"", ""id_batch_arguments"": 47, ""id_automorphism"": 47}";0.1320000000000001;144;47
0.012952804565429688;BP_48;0.003;[2, 4, 5, 6, 18, 23, 54, 55, 60, 68, 69, 86, 89, 97, 101, 114, 122, 123, 127, 154, 155, 164, 169, 173, 183, 189, 192, 206, 207, 212, 213, 225, 229, 230, 237, 244, 251, 256, 259, 270, 298, 302, 303, 307, 323, 330, 337, 338, 348, 354, 356, 372, 390, 394, 422, 423, 429, 430, 434, 436, 441, 446, 459, 493];BP;nmc_144_0c003_2;0.0047753992080688396;"{""id_arguments"": ""BP_48"", ""arguments"": {""max_iter"": 100, ""bp_method"": ""minimum_sum"", ""ms_scaling_factor"": 0.9}, ""decoder_type"": ""BP"", ""id_batch_arguments"": 48, ""id_automorphism"": 48}";0.12800000000000009;144;48
0.012928009033203125;BP_49;0.003;[2, 4, 5, 6, 18, 23, 24, 54, 55, 60, 68, 69, 86, 89, 97, 101, 114, 122, 123, 127, 154, 155, 164, 169, 173, 183, 189, 192, 206, 207, 212, 213, 225, 229, 230, 237, 244, 251, 256, 259, 270, 298, 302, 303, 307, 323, 330, 337, 338, 348, 354, 356, 372, 390, 394, 422, 423, 429, 430, 434, 436, 441, 446, 459, 493];BP;nmc_144_0c003_2;0.004762305736541741;"{""id_arguments"": ""BP_49"", ""arguments"": {""max_iter"": 100, ""bp_method"": ""minimum_sum"", ""ms_scaling_factor"": 0.9}, ""decoder_type"": ""BP"", ""id_batch_arguments"": 49, ""id_automorphism"": 49}";0.1300000000000001;144;49
0.013213157653808594;BP_5;0.003;[2, 4, 5, 6, 18, 23, 24, 54, 55, 60, 68, 69, 86, 89, 97, 101, 114, 122, 123, 127, 154, 155, 164, 169, 173, 183, 189, 192, 206, 207, 212, 213, 225, 229, 230, 237, 244, 251, 256, 259, 270, 298, 302, 303, 307, 323, 330, 337, 338, 348, 354, 356, 369, 372, 390, 394, 422, 423, 429, 430, 434, 436, 441, 446, 459, 493];BP;nmc_144_0c003_2;0.004768457889556879;"{""id_arguments"": ""BP_5"", ""arguments"": {""max_iter"": 100, ""bp_method"": ""minimum_sum"", ""ms_scaling_factor"": 0.9}, ""decoder_type"": ""BP"", ""id_batch_arguments"": 5, ""id_automorphism"": 5}";0.1320000000000001;144;5
0.012975215911865234;BP_50;0.003;[2, 4, 5, 6, 18, 23, 54, 55, 60, 68, 69, 86, 89, 97, 101, 114, 122, 123, 127, 154, 155, 164, 169, 173, 183, 189, 192, 206, 207, 212, 213, 225, 229, 230, 237, 244, 251, 256, 259, 270, 298, 302, 303, 307, 323, 330, 337, 338, 348, 354, 356, 369, 372, 390, 394, 422, 423, 429, 430, 434, 436, 441, 446, 459, 493];BP;nmc_144_0c003_2;0.0047677788734436025;"{""id_arguments"": ""BP_50"", ""arguments"": {""max_iter"": 100, ""bp_method"": ""minimum_sum"", ""ms_scaling_factor"": 0.9}, ""decoder_type"": ""BP"", ""id_batch_arguments"": 50, ""id_automorphism"": 50}";0.1300000000000001;144;50
0.013106107711791992;BP_51;0.003;[2, 4, 5, 6, 18, 23, 54, 55, 60, 68, 69, 86, 89, 97, 101, 114, 122, 123, 127, 154, 155, 164, 169, 173, 183, 189, 192, 206, 207, 212, 213, 225, 229, 230, 237, 244, 251, 256, 259, 270, 298, 302, 303, 307, 323, 330, 337, 338, 348, 354, 356, 372, 390, 394, 422, 423, 429, 430, 434, 436, 441, 446, 459, 493];BP;nmc_144_0c003_2;0.004809756278991701;"{""id_arguments"": ""BP_51"", ""arguments"": {""max_iter"": 100, ""bp_method"": ""minimum_sum"", ""ms_scaling_factor"": 0.9}, ""decoder_type"": ""BP"", ""id_batch_arguments"": 51, ""id_automorphism"": 51}";0.12800000000000009;144;51
0.01305079460144043;BP_52;0.003;[2, 4, 5, 6, 18, 23, 54, 55, 60, 68, 69, 86, 89, 97, 101, 114, 122, 123, 127, 154, 155, 164, 169, 173, 183, 189, 192, 206, 207, 212, 213, 225, 229, 230, 237, 244, 251, 256, 259, 270, 298, 302, 303, 307, 323, 330, 337, 338, 348, 354, 356, 372, 390, 394, 422, 423, 429, 430, 434, 436, 441, 446, 459, 493];BP;nmc_144_0c003_2;0.004775502204895021;"{""id_arguments"": ""BP_52"", ""arguments"": {""max_iter"": 100, ""bp_method"": ""minimum_sum"", ""ms_scaling_factor"": 0.9}, ""decoder_type"": ""BP"", ""id_batch_arguments"": 52, ""id_automorphism"": 52}";0.12800000000000009;144;52
0.013265848159790039;BP_53;0.003;[2, 4, 5, 6, 18, 23, 24, 54, 55, 60, 68, 69, 86, 89, 97, 101, 114, 122, 123, 127, 154, 155, 164, 169, 173, 183, 189, 192, 206, 207, 212, 213, 225, 229, 230, 237, 244, 251, 256, 259, 270, 298, 302, 303, 307, 323, 330, 337, 338, 348, 354, 356, 369, 372, 390, 394, 422, 423, 429, 430, 434, 436, 441, 446, 459, 493];BP;nmc_144_0c003_2;0.004787303924560544;"{""id_arguments"": ""BP_53"", ""arguments"": {""max_iter"": 100, ""bp_method"": ""minimum_sum"", ""ms_scaling_factor"": 0.9}, ""decoder_type"": ""BP"", ""id_batch_arguments"": 53, ""id_automorphism"": 53}";0.1320000000000001;144;53
0.012978076934814453;BP_54;0.003;[2, 4, 5, 6, 18, 23, 24, 54, 55, 60, 68, 69, 86, 89, 97, 101, 114, 122, 123, 127, 154, 155, 164, 169, 173, 183, 189, 192, 206, 207, 212, 213, 225, 229, 230, 237, 244, 251, 256, 259, 270, 298, 302, 303, 307, 323, 330, 337, 338, 348, 354, 356, 369, 372, 390, 394, 422, 423, 429, 430, 434, 436, 441, 446, 459, 493];BP;nmc_144_0c003_2;0.004748679161071775;"{""id_arguments"": ""BP_54"", ""arguments"": {""max_iter"": 100, ""bp_method"": ""minimum_sum"", ""ms_scaling_factor"": 0.9}, ""decoder_type"": ""BP"", ""id_batch_arguments"": 54, ""id_automorphism"": 54}";0.1320000000000001;144;54
0.013077020645141602;BP_55;0.003;[2, 4, 5, 6, 18, 23, 24, 54, 55, 60, 68, 69, 86, 89, 97, 101, 114, 122, 123, 127, 154, 155, 164, 169, 173, 183, 189, 192, 206, 207, 212, 213, 225, 229, 230, 237, 244, 251, 256, 259, 270, 298, 302, 303, 307, 323, 330, 337, 338, 348, 354, 356, 372, 390, 394, 422, 423, 429, 430, 434, 436, 441, 446, 459, 493];BP;nmc_144_0c003_2;0.004792104721069335;"{""id_arguments"": ""BP_55"", ""arguments"": {""max_iter"": 100, ""bp_method"": ""minimum_sum"", ""ms_scaling_factor"": 0.9}, ""decoder_type"": ""BP"", ""id_batch_arguments"": 55, ""id_automorphism"": 55}";0.1300000000000001;144;55
0.012945890426635742;BP_56;0.003;[2, 4, 5, 6, 18, 23, 54, 55, 60, 68, 69, 86, 89, 97, 101, 114, 122, 123, 127, 154, 155, 164, 169, 173, 183, 189, 192, 206, 207, 212, 213, 225, 229, 230, 237, 244, 251, 256, 259, 270, 298, 302, 303, 307, 323, 330, 337, 338, 348, 354, 356, 369, 372, 390, 394, 422, 423, 429, 430, 434, 436, 441, 446, 459, 493];BP;nmc_144_0c003_2;0.004757623672485349;"{""id_arguments"": ""BP_56"", ""arguments"": {""max_iter"": 100, ""bp_method"": ""minimum_sum"", ""ms_scaling_factor"": 0.9}, ""decoder_type"": ""BP"", ""id_batch_arguments"": 56, ""id_automorphism"": 56}";0.1300000000000001;144;56
0.013674020767211914;BP_57;0.003;[2, 4, 5, 6, 18, 23, 54, 55, 60, 68, 69, 86, 89, 97, 101, 114, 122, 123, 127, 154, 155, 164, 169, 173, 183, 189, 192, 206, 207, 212, 213, 225, 229, 230, 237, 244, 251, 256, 259, 270, 298, 302, 303, 307, 323, 330, 337, 338, 348, 354, 356, 372, 390, 394, 422, 423, 429, 430, 434, 436, 441, 446, 459, 493];BP;nmc_144_0c003_2;0.004824276924133304;"{""id_arguments"": ""BP_57"", ""arguments"": {""max_iter"": 100, ""bp_method"": ""minimum_sum"", ""ms_scaling_factor"": 0.9}, ""decoder_type"": ""BP"", ""id_batch_arguments"": 57, ""id_automorphism"": 57}";0.12800000000000009;144;57
0.013762235641479492;BP_58;0.003;[2, 4, 5, 6, 18, 23, 54, 55, 60, 68, 69, 86, 89, 97, 101, 114, 122, 123, 127, 154, 155, 164, 169, 173, 183, 189, 192, 206, 207, 212, 213, 225, 229, 230, 237, 244, 251, 256, 259, 270, 298, 302, 303, 307, 323, 330, 337, 338, 348, 354, 356, 372, 390, 394, 422, 423, 429, 430, 434, 436, 441, 446, 459, 493];BP;nmc_144_0c003_2;0.0047840027809143105;"{""id_arguments"": ""BP_58"", ""arguments"": {""max_iter"": 100, ""bp_method"": ""minimum_sum"", ""ms_scaling_factor"": 0.9}, ""decoder_type"": ""BP"", ""id_batch_arguments"": 58, ""id_automorphism"": 58}";0.12800000000000009;144;58
0.013089179992675781;BP_59;0.003;[2, 4, 5, 6, 18, 23, 54, 55, 60, 68, 69, 86, 89, 97, 101, 114, 122, 123, 127, 154, 155, 164, 169, 173, 183, 189, 192, 206, 207, 212, 213, 225, 229, 230, 237, 244, 251, 256, 259, 270, 298, 302, 303, 307, 323, 330, 337, 338, 348, 354, 356, 372, 390, 394, 422, 423, 429, 430, 434, 436, 441, 446, 459, 493];BP;nmc_144_0c003_2;0.0047883205413818295;"{""id_arguments"": ""BP_59"", ""arguments"": {""max_iter"": 100, ""bp_method"": ""minimum_sum"", ""ms_scaling_factor"": 0.9}, ""decoder_type"": ""BP"", ""id_batch_arguments"": 59, ""id_automorphism"": 59}";0.12800000000000009;144;59
0.015683889389038086;BP_6;0.003;[2, 4, 5, 6, 18, 23, 24, 54, 55, 60, 68, 69, 86, 89, 97, 101, 114, 122, 123, 127, 154, 155, 164, 169, 173, 183, 189, 192, 206, 207, 212, 213, 225, 229, 230, 237, 244, 251, 256, 259, 270, 298, 302, 303, 307, 323, 330, 337, 338, 348, 354, 356, 372, 390, 394, 422, 423, 429, 430, 434, 436, 441, 446, 459, 493];BP;nmc_144_0c003_2;0.0047357225418090815;"{""id_arguments"": ""BP_6"", ""arguments"": {""max_iter"": 100, ""bp_method"": ""minimum_sum"", ""ms_scaling_factor"": 0.9}, ""decoder_type"": ""BP"", ""id_batch_arguments"": 6, ""id_automorphism"": 6}";0.1300000000000001;144;6
0.012990951538085938;BP_60;0.003;[2, 4, 5, 6, 18, 23, 24, 54, 55, 60, 68, 69, 86, 89, 97, 101, 114, 122, 123, 127, 154, 155, 164, 169, 173, 183, 189, 192, 206, 207, 212, 213, 225, 229, 230, 237, 244, 251, 256, 259, 270, 298, 302, 303, 307, 323, 330, 337, 338, 348, 354, 356, 369, 372, 390, 394, 422, 423, 429, 430, 434, 436, 441, 446, 459, 493];BP;nmc_144_0c003_2;0.004760908603668211;"{""id_arguments"": ""BP_60"", ""arguments"": {""max_iter"": 100, ""bp_method"": ""minimum_sum"", ""ms_scaling_factor"": 0.9}, ""decoder_type"": ""BP"", ""id_batch_arguments"": 60, ""id_automorphism"": 60}";0.1320000000000001;144;60
0.018125057220458984;BP_61;0.003;[2, 4, 5, 6, 18, 23, 54, 55, 60, 68, 69, 86, 89, 97, 101, 114, 122, 123, 127, 154, 155, 164, 169, 173, 183, 189, 192, 206, 207, 212, 213, 225, 229, 230, 237, 244, 251, 256, 259, 270, 298, 302, 303, 307, 323, 330, 337, 338, 348, 354, 356, 369, 372, 390, 394, 422, 423, 429, 430, 434, 436, 441, 446, 459, 493];BP;nmc_144_0c003_2;0.005325248241424559;"{""id_arguments"": ""BP_61"", ""arguments"": {""max_iter"": 100, ""bp_method"": ""minimum_sum"", ""ms_scaling_factor"": 0.9}, ""decoder_type"": ""BP"", ""id_batch_arguments"": 61, ""id_automorphism"": 61}";0.1300000000000001;144;61
0.014891862869262695;BP_62;0.003;[2, 4, 5, 6, 18, 23, 24, 54, 55, 60, 68, 69, 86, 89, 97, 101, 114, 122, 123, 127, 154, 155, 164, 169, 173, 183, 189, 192, 206, 207, 212, 213, 225, 229, 230, 237, 244, 251, 256, 259, 270, 298, 302, 303, 307, 323, 330, 337, 338, 348, 354, 356, 372, 390, 394, 422, 423, 429, 430, 434, 436, 441, 446, 459, 493];BP;nmc_144_0c003_2;0.0050339107513427735;"{""id_arguments"": ""BP_62"", ""arguments"": {""max_iter"": 100, ""bp_method"": ""minimum_sum"", ""ms_scaling_factor"": 0.9}, ""decoder_type"": ""BP"", ""id_batch_arguments"": 62, ""id_automorphism"": 62}";0.1300000000000001;144;62
0.014287948608398438;BP_63;0.003;[2, 4, 5, 6, 18, 23, 24, 54, 55, 60, 68, 69, 86, 89, 97, 101, 114, 122, 123, 127, 154, 155, 164, 169, 173, 183, 189, 192, 206, 207, 212, 213, 225, 229, 230, 237, 244, 251, 256, 259, 270, 298, 302, 303, 307, 323, 330, 337, 338, 348, 354, 356, 369, 372, 390, 394, 422, 423, 429, 430, 434, 436, 441, 446, 459, 493];BP;nmc_144_0c003_2;0.00502699947357178;"{""id_arguments"": ""BP_63"", ""arguments"": {""max_iter"": 100, ""bp_method"": ""minimum_sum"", ""ms_scaling_factor"": 0.9}, ""decoder_type"": ""BP"", ""id_batch_arguments"": 63, ""id_automorphism"": 63}";0.1320000000000001;144;63
0.014236927032470703;BP_64;0.003;[2, 4, 5, 6, 18, 23, 54, 55, 60, 68, 69, 86, 89, 97, 101, 114, 122, 123, 127, 154, 155, 164, 169, 173, 183, 189, 192, 206, 207, 212, 213, 225, 229, 230, 237, 244, 251, 256, 259, 270, 298, 302, 303, 307, 323, 330, 337, 338, 348, 354, 356, 372, 390, 394, 422, 423, 429, 430, 434, 436, 441, 446, 459, 493];BP;nmc_144_0c003_2;0.004992523193359372;"{""id_arguments"": ""BP_64"", ""arguments"": {""max_iter"": 100, ""bp_method"": ""minimum_sum"", ""ms_scaling_factor"": 0.9}, ""decoder_type"": ""BP"", ""id_batch_arguments"": 64, ""id_automorphism"": 64}";0.12800000000000009;144;64
0.014168024063110352;BP_65;0.003;[2, 4, 5, 6, 18, 23, 54, 55, 60, 68, 69, 86, 89, 97, 101, 114, 122, 123, 127, 154, 155, 164, 169, 173, 183, 189, 192, 206, 207, 212, 213, 225, 229, 230, 237, 244, 251, 256, 259, 270, 298, 302, 303, 307, 323, 330, 337, 338, 348, 354, 356, 372, 390, 394, 422, 423, 429, 430, 434, 436, 441, 446, 459, 493];BP;nmc_144_0c003_2;0.004963896751403815;"{""id_arguments"": ""BP_65"", ""arguments"": {""max_iter"": 100, ""bp_method"": ""minimum_sum"", ""ms_scaling_factor"": 0.9}, ""decoder_type"": ""BP"", ""id_batch_arguments"": 65, ""id_automorphism"": 65}";0.12800000000000009;144;65
0.014173030853271484;BP_66;0.003;[2, 4, 5, 6, 18, 23, 24, 54, 55, 60, 68, 69, 86, 89, 97, 101, 114, 122, 123, 127, 154, 155, 164, 169, 173, 183, 189, 192, 206, 207, 212, 213, 225, 229, 230, 237, 244, 251, 256, 259, 270, 298, 302, 303, 307, 323, 330, 337, 338, 348, 354, 356, 369, 372, 390, 394, 422, 423, 429, 430, 434, 436, 441, 446, 459, 493];BP;nmc_144_0c003_2;0.004984845638275147;"{""id_arguments"": ""BP_66"", ""arguments"": {""max_iter"": 100, ""bp_method"": ""minimum_sum"", ""ms_scaling_factor"": 0.9}, ""decoder_type"": ""BP"", ""id_batch_arguments"": 66, ""id_automorphism"": 66}";0.1320000000000001;144;66
0.014352083206176758;BP_67;0.003;[2, 4, 5, 6, 18, 23, 24, 54, 55, 60, 68, 69, 86, 89, 97, 101, 114, 122, 123, 127, 154, 155, 164, 169, 173, 183, 189, 192, 206, 207, 212, 213, 225, 229, 230, 237, 244, 251, 256, 259, 270, 298, 302, 303, 307, 323, 330, 337, 338, 348, 354, 356, 372, 390, 394, 422, 423, 429, 430, 434, 436, 441, 446, 459, 493];BP;nmc_144_0c003_2;0.005024451732635499;"{""id_arguments"": ""BP_67"", ""arguments"": {""max_iter"": 100, ""bp_method"": ""minimum_sum"", ""ms_scaling_factor"": 0.9}, ""decoder_type"": ""BP"", ""id_batch_arguments"": 67, ""id_automorphism"": 67}";0.1300000000000001;144;67
0.014284849166870117;BP_68;0.003;[2, 5, 6, 18, 23, 24, 54, 55, 60, 68, 69, 86, 89, 97, 101, 114, 122, 123, 127, 154, 155, 164, 169, 173, 183, 189, 192, 206, 207, 212, 213, 225, 229, 230, 237, 244, 251, 256, 259, 270, 298, 302, 303, 307, 323, 330, 337, 338, 348, 354, 356, 372, 390, 394, 422, 423, 429, 430, 434, 436, 441, 446, 459, 493];BP;nmc_144_0c003_2;0.005062112331390379;"{""id_arguments"": ""BP_68"", ""arguments"": {""max_iter"": 100, ""bp_method"": ""minimum_sum"", ""ms_scaling_factor"": 0.9}, ""decoder_type"": ""BP"", ""id_batch_arguments"": 68, ""id_automorphism"": 68}";0.12800000000000009;144;68
0.022706031799316406;BP_69;0.003;[2, 4, 5, 6, 18, 23, 24, 54, 55, 60, 68, 69, 86, 89, 97, 101, 114, 122, 123, 127, 154, 155, 164, 169, 173, 183, 189, 192, 206, 207, 212, 213, 225, 229, 230, 237, 244, 251, 256, 259, 270, 298, 302, 303, 307, 323, 330, 337, 338, 348, 354, 356, 372, 390, 394, 422, 423, 429, 430, 434, 436, 441, 446, 459, 493];BP;nmc_144_0c003_2;0.005229565620422371;"{""id_arguments"": ""BP_69"", ""arguments"": {""max_iter"": 100, ""bp_method"": ""minimum_sum"", ""ms_scaling_factor"": 0.9}, ""decoder_type"": ""BP"", ""id_batch_arguments"": 69, ""id_automorphism"": 69}";0.1300000000000001;144;69
0.01300811767578125;BP_7;0.003;[2, 4, 5, 6, 18, 23, 24, 54, 55, 60, 68, 69, 86, 89, 97, 101, 114, 122, 123, 127, 154, 155, 164, 169, 173, 183, 189, 192, 206, 207, 212, 213, 225, 229, 230, 237, 244, 251, 256, 259, 270, 298, 302, 303, 307, 323, 330, 337, 338, 348, 354, 356, 372, 390, 394, 422, 423, 429, 430, 434, 436, 441, 446, 459, 493];BP;nmc_144_0c003_2;0.0047803254127502465;"{""id_arguments"": ""BP_7"", ""arguments"": {""max_iter"": 100, ""bp_method"": ""minimum_sum"", ""ms_scaling_factor"": 0.9}, ""decoder_type"": ""BP"", ""id_batch_arguments"": 7, ""id_automorphism"": 7}";0.1300000000000001;144;7
0.014419794082641602;BP_70;0.003;[2, 4, 5, 6, 18, 23, 24, 54, 55, 60, 68, 69, 86, 89, 97, 101, 114, 122, 123, 127, 154, 155, 164, 169, 173, 183, 189, 192, 206, 207, 212, 213, 225, 229, 230, 237, 244, 251, 256, 259, 270, 298, 302, 303, 307, 323, 330, 337, 338, 348, 354, 356, 372, 390, 394, 422, 423, 429, 430, 434, 436, 441, 446, 459, 493];BP;nmc_144_0c003_2;0.005040789127349853;"{""id_arguments"": ""BP_70"", ""arguments"": {""max_iter"": 100, ""bp_method"": ""minimum_sum"", ""ms_scaling_factor"": 0.9}, ""decoder_type"": ""BP"", ""id_batch_arguments"": 70, ""id_automorphism"": 70}";0.1300000000000001;144;70
0.027146100997924805;BP_71;0.003;[2, 4, 5, 6, 18, 23, 54, 55, 60, 68, 69, 86, 89, 97, 101, 114, 122, 123, 127, 154, 155, 164, 169, 173, 183, 189, 192, 206, 207, 212, 213, 225, 229, 230, 237, 244, 251, 256, 259, 270, 298, 302, 303, 307, 323, 330, 337, 338, 348, 354, 356, 369, 372, 390, 394, 422, 423, 429, 430, 434, 436, 441, 446, 459, 493];BP;nmc_144_0c003_2;0.005699738502502439;"{""id_arguments"": ""BP_71"", ""arguments"": {""max_iter"": 100, ""bp_method"": ""minimum_sum"", ""ms_scaling_factor"": 0.9}, ""decoder_type"": ""BP"", ""id_batch_arguments"": 71, ""id_automorphism"": 71}";0.1300000000000001;144;71
0.018815994262695312;BP_8;0.003;[2, 4, 5, 6, 18, 23, 54, 55, 60, 68, 69, 86, 89, 97, 101, 114, 122, 123, 127, 154, 155, 164, 169, 173, 183, 189, 192, 206, 207, 212, 213, 225, 229, 230, 237, 244, 251, 256, 259, 270, 298, 302, 303, 307, 323, 330, 337, 338, 348, 354, 356, 369, 372, 390, 394, 422, 423, 429, 430, 434, 436, 441, 446, 459, 493];BP;nmc_144_0c003_2;0.0047651133537292495;"{""id_arguments"": ""BP_8"", ""arguments"": {""max_iter"": 100, ""bp_method"": ""minimum_sum"", ""ms_scaling_factor"": 0.9}, ""decoder_type"": ""BP"", ""id_batch_arguments"": 8, ""id_automorphism"": 8}";0.1300000000000001;144;8
0.012911081314086914;BP_9;0.003;[2, 4, 5, 6, 18, 23, 24, 54, 55, 60, 68, 69, 86, 89, 97, 101, 114, 122, 123, 127, 154, 155, 164, 169, 173, 183, 189, 192, 206, 207, 212, 213, 225, 229, 230, 237, 244, 251, 256, 259, 270, 298, 302, 303, 307, 323, 330, 337, 338, 348, 354, 356, 369, 372, 390, 394, 422, 423, 429, 430, 434, 436, 441, 446, 459, 493];BP;nmc_144_0c003_2;0.004751435756683353;"{""id_arguments"": ""BP_9"", ""arguments"": {""max_iter"": 100, ""bp_method"": ""minimum_sum"", ""ms_scaling_factor"": 0.9}, ""decoder_type"": ""BP"", ""id_batch_arguments"": 9, ""id_automorphism"": 9}";0.1320000000000001;144;9
